year,program_code,program_name,organizer_name,organizer_name_normalized,agenda_captured,papers_total,source_url
2020,AG,Aging,David M. Cutler,david m cutler,1,12,https://conference.nber.org/agenda/simple_printable?conf_id=SI20AG
2020,AG,Aging,Jonathan S. Skinner,jonathan s skinner,1,12,https://conference.nber.org/agenda/simple_printable?conf_id=SI20AG
2020,AP,Asset Pricing,Ralph S. J. Koijen,ralph s j koijen,1,13,https://conference.nber.org/agenda/simple_printable?conf_id=SI20AP
2020,AP,Asset Pricing,Sydney C. Ludvigson,sydney c ludvigson,1,13,https://conference.nber.org/agenda/simple_printable?conf_id=SI20AP
2020,EFBEM,Behavioral Macro,Andrew Caplin,andrew caplin,1,5,https://conference.nber.org/agenda/simple_printable?conf_id=SI20EFBEM
2020,EFBEM,Behavioral Macro,Michael Woodford,michael woodford,1,5,https://conference.nber.org/agenda/simple_printable?conf_id=SI20EFBEM
2020,EFEL,Capital Markets and the Economy,Janice C. Eberly,janice c eberly,1,12,https://conference.nber.org/agenda/simple_printable?conf_id=SI20EFEL
2020,EFEL,Capital Markets and the Economy,Deborah J. Lucas,deborah j lucas,1,12,https://conference.nber.org/agenda/simple_printable?conf_id=SI20EFEL
2020,CH,Children,Janet Currie,janet currie,1,14,https://conference.nber.org/agenda/simple_printable?conf_id=SI20CH
2020,CH,Children,Anna Aizer,anna aizer,1,14,https://conference.nber.org/agenda/simple_printable?conf_id=SI20CH
2020,CRIW,Conference on Research in Income and Wealth,Katharine G. Abraham,katharine g abraham,1,12,https://conference.nber.org/agenda/simple_printable?conf_id=SI20PRCR
2020,CRIW,Conference on Research in Income and Wealth,Susanto Basu,susanto basu,1,12,https://conference.nber.org/agenda/simple_printable?conf_id=SI20PRCR
2020,CRIW,Conference on Research in Income and Wealth,Nicholas Bloom,nicholas bloom,1,12,https://conference.nber.org/agenda/simple_printable?conf_id=SI20PRCR
2020,CRIW,Conference on Research in Income and Wealth,Carol A. Corrado,carol a corrado,1,12,https://conference.nber.org/agenda/simple_printable?conf_id=SI20PRCR
2020,CF,Corporate Finance,Antoinette Schoar,antoinette schoar,1,16,https://conference.nber.org/agenda/simple_printable?conf_id=SI20CF
2020,CF,Corporate Finance,Amir Sufi,amir sufi,1,16,https://conference.nber.org/agenda/simple_printable?conf_id=SI20CF
2020,DEV,Development Economics,Christopher Blattman,christopher blattman,1,19,https://conference.nber.org/agenda/simple_printable?conf_id=SI20DEV
2020,DEV,Development Economics,Shawn Cole,shawn cole,1,19,https://conference.nber.org/agenda/simple_printable?conf_id=SI20DEV
2020,DEV,Development Economics,Dave Donaldson,dave donaldson,1,19,https://conference.nber.org/agenda/simple_printable?conf_id=SI20DEV
2020,DEV,Development Economics,Kelsey Jack,kelsey jack,1,19,https://conference.nber.org/agenda/simple_printable?conf_id=SI20DEV
2020,DEV,Development Economics,Seema Jayachandran,seema jayachandran,1,19,https://conference.nber.org/agenda/simple_printable?conf_id=SI20DEV
2020,DEV,Development Economics,Paul Niehaus,paul niehaus,1,19,https://conference.nber.org/agenda/simple_printable?conf_id=SI20DEV
2020,DEV,Development Economics,Alessandra Voena,alessandra voena,1,19,https://conference.nber.org/agenda/simple_printable?conf_id=SI20DEV
2020,DAE,Development of the American Economy,Kris James Mitchener,kris james mitchener,1,24,https://conference.nber.org/agenda/simple_printable?conf_id=SI20DAE
2020,DAE,Development of the American Economy,John Parman,john parman,1,24,https://conference.nber.org/agenda/simple_printable?conf_id=SI20DAE
2020,DAE,Development of the American Economy,Allison Shertzer,allison shertzer,1,24,https://conference.nber.org/agenda/simple_printable?conf_id=SI20DAE
2020,EFEG,EFG Program Meeting,Benjamin Moll,benjamin moll,1,5,https://conference.nber.org/agenda/simple_printable?conf_id=EFGs20
2020,EFEG,EFG Program Meeting,Valerie A. Ramey,valerie a ramey,1,5,https://conference.nber.org/agenda/simple_printable?conf_id=EFGs20
2020,EFG,Economic Growth,Ufuk Akcigit,ufuk akcigit,1,12,https://conference.nber.org/agenda/simple_printable?conf_id=SI20EFEG
2020,EFG,Economic Growth,Francisco J. Buera,francisco j buera,1,12,https://conference.nber.org/agenda/simple_printable?conf_id=SI20EFEG
2020,EFG,Economic Growth,David Lagakos,david lagakos,1,12,https://conference.nber.org/agenda/simple_printable?conf_id=SI20EFEG
2020,CRI,Economics of Crime,Philip J. Cook,philip j cook,1,14,https://conference.nber.org/agenda/simple_printable?conf_id=SI20CRI
2020,CRI,Economics of Crime,Jens Ludwig,jens ludwig,1,14,https://conference.nber.org/agenda/simple_printable?conf_id=SI20CRI
2020,ED,Economics of Education,Caroline M. Hoxby,caroline m hoxby,1,10,https://conference.nber.org/agenda/simple_printable?conf_id=SI20ED
2020,PENS,Economics of National Security,Eli Berman,eli berman,1,5,https://conference.nber.org/agenda/simple_printable?conf_id=SI20PENS
2020,PESS,Economics of Social Security,Alexander M. Gelber,alexander m gelber,1,4,https://conference.nber.org/agenda/simple_printable?conf_id=SI20ESS
2020,PESS,Economics of Social Security,James M. Poterba,james m poterba,1,4,https://conference.nber.org/agenda/simple_printable?conf_id=SI20ESS
2020,ENT,Entrepreneurship,Josh Lerner,josh lerner,1,12,https://conference.nber.org/agenda/simple_printable?conf_id=SI20PRENT
2020,ENT,Entrepreneurship,David T. Robinson,david t robinson,1,12,https://conference.nber.org/agenda/simple_printable?conf_id=SI20PRENT
2020,EEE,Environmental & Energy Economics,Christopher R. Knittel,christopher r knittel,1,10,https://conference.nber.org/agenda/simple_printable?conf_id=SI20EEE
2020,EEE,Environmental & Energy Economics,Reed Walker,reed walker,1,10,https://conference.nber.org/agenda/simple_printable?conf_id=SI20EEE
2020,GE,Gender in the Economy,Jessica Goldberg,jessica goldberg,1,11,https://conference.nber.org/agenda/simple_printable?conf_id=SI20GE
2020,GE,Gender in the Economy,Claudia Goldin,claudia goldin,1,11,https://conference.nber.org/agenda/simple_printable?conf_id=SI20GE
2020,GE,Gender in the Economy,Seema Jayachandran,seema jayachandran,1,11,https://conference.nber.org/agenda/simple_printable?conf_id=SI20GE
2020,GE,Gender in the Economy,Claudia Olivetti,claudia olivetti,1,11,https://conference.nber.org/agenda/simple_printable?conf_id=SI20GE
2020,GE,Gender in the Economy,Tom Vogl,tom vogl,1,11,https://conference.nber.org/agenda/simple_printable?conf_id=SI20GE
2020,HC,Health Care,Amy Finkelstein,amy finkelstein,1,7,https://conference.nber.org/agenda/simple_printable?conf_id=SI20HC
2020,HC,Health Care,Heidi L. Williams,heidi l williams,1,7,https://conference.nber.org/agenda/simple_printable?conf_id=SI20HC
2020,HE,Health Economics,Christopher S. Carpenter,christopher s carpenter,1,7,https://conference.nber.org/agenda/simple_printable?conf_id=SI20HE
2020,HE,Health Economics,Michael Grossman,michael grossman,1,7,https://conference.nber.org/agenda/simple_printable?conf_id=SI20HE
2020,HE,Health Economics,Robert Kaestner,robert kaestner,1,7,https://conference.nber.org/agenda/simple_printable?conf_id=SI20HE
2020,HF,Household Finance,Adair Morse,adair morse,1,8,https://conference.nber.org/agenda/simple_printable?conf_id=SI20HF
2020,HF,Household Finance,Johannes Stroebel,johannes stroebel,1,8,https://conference.nber.org/agenda/simple_printable?conf_id=SI20HF
2020,HF,Household Finance,Stephen P. Zeldes,stephen p zeldes,1,8,https://conference.nber.org/agenda/simple_printable?conf_id=SI20HF
2020,IFMDS,IFM Data Sources,Galina Hale,galina hale,1,5,https://conference.nber.org/agenda/simple_printable?conf_id=SI20IFMDS
2020,IFMDS,IFM Data Sources,Michael W. Klein,michael w klein,1,5,https://conference.nber.org/agenda/simple_printable?conf_id=SI20IFMDS
2020,PRIT,IT and Digitization,Erik Brynjolfsson,erik brynjolfsson,1,31,https://conference.nber.org/agenda/simple_printable?conf_id=SI20PRIT
2020,PRIT,IT and Digitization,Shane Greenstein,shane greenstein,1,31,https://conference.nber.org/agenda/simple_printable?conf_id=SI20PRIT
2020,PRIT,IT and Digitization,Susan Athey,susan athey,1,31,https://conference.nber.org/agenda/simple_printable?conf_id=SI20PRIT
2020,PRIT,IT and Digitization,Hal R. Varian,hal r varian,1,31,https://conference.nber.org/agenda/simple_printable?conf_id=SI20PRIT
2020,IPM,Impulse and Propagation Mechanisms,Lawrence Christiano,lawrence christiano,1,17,https://conference.nber.org/agenda/simple_printable?conf_id=SI20EFCE
2020,IPM,Impulse and Propagation Mechanisms,Martin S. Eichenbaum,martin s eichenbaum,1,17,https://conference.nber.org/agenda/simple_printable?conf_id=SI20EFCE
2020,EFDIS,Income Distribution and Macroeconomics,Roland Bénabou,roland benabou,1,6,https://conference.nber.org/agenda/simple_printable?conf_id=SI20EFDIS
2020,EFDIS,Income Distribution and Macroeconomics,Raquel Fernández,raquel fernandez,1,6,https://conference.nber.org/agenda/simple_printable?conf_id=SI20EFDIS
2020,EFDIS,Income Distribution and Macroeconomics,Oded Galor,oded galor,1,6,https://conference.nber.org/agenda/simple_printable?conf_id=SI20EFDIS
2020,EFDIS,Income Distribution and Macroeconomics,Fabrizio Zilibotti,fabrizio zilibotti,1,6,https://conference.nber.org/agenda/simple_printable?conf_id=SI20EFDIS
2020,IO,Industrial Organization,Ying Fan,ying fan,1,10,https://conference.nber.org/agenda/simple_printable?conf_id=SI20IO
2020,IO,Industrial Organization,Jakub Kastl,jakub kastl,1,10,https://conference.nber.org/agenda/simple_printable?conf_id=SI20IO
2020,IO,Industrial Organization,Thomas G. Wollmann,thomas g wollmann,1,10,https://conference.nber.org/agenda/simple_printable?conf_id=SI20IO
2020,PRINN,Innovation,Adam B. Jaffe,adam b jaffe,1,8,https://conference.nber.org/agenda/simple_printable?conf_id=SI20PRINN
2020,PRINN,Innovation,Benjamin Jones,benjamin jones,1,8,https://conference.nber.org/agenda/simple_printable?conf_id=SI20PRINN
2020,PRINN,Innovation,Heidi L. Williams,heidi l williams,1,8,https://conference.nber.org/agenda/simple_printable?conf_id=SI20PRINN
2020,IFM,International Finance & Macroeconomics,Matteo Maggiori,matteo maggiori,1,9,https://conference.nber.org/agenda/simple_printable?conf_id=SI20IFM
2020,IFM,International Finance & Macroeconomics,Ina Simonovska,ina simonovska,1,9,https://conference.nber.org/agenda/simple_printable?conf_id=SI20IFM
2020,ITI,International Trade & Investment,Laura Alfaro,laura alfaro,1,20,https://conference.nber.org/agenda/simple_printable?conf_id=SI20ITI
2020,ITI,International Trade & Investment,Costas Arkolakis,costas arkolakis,1,20,https://conference.nber.org/agenda/simple_printable?conf_id=SI20ITI
2020,ITI,International Trade & Investment,Stephen J. Redding,stephen j redding,1,20,https://conference.nber.org/agenda/simple_printable?conf_id=SI20ITI
2020,ITM,International Trade & Macroeconomics,Andrei A. Levchenko,andrei a levchenko,1,5,https://conference.nber.org/agenda/simple_printable?conf_id=SI20ITM
2020,ITM,International Trade & Macroeconomics,Katheryn Russ,katheryn russ,1,5,https://conference.nber.org/agenda/simple_printable?conf_id=SI20ITM
2020,LS,Labor Studies,David Autor,david autor,1,16,https://conference.nber.org/agenda/simple_printable?conf_id=SI20LS
2020,LS,Labor Studies,Patrick M. Kline,patrick m kline,1,16,https://conference.nber.org/agenda/simple_printable?conf_id=SI20LS
2020,LS,Labor Studies,Alexandre Mas,alexandre mas,1,16,https://conference.nber.org/agenda/simple_printable?conf_id=SI20LS
2020,LE,Law and Economics,Christine Jolls,christine jolls,1,4,https://conference.nber.org/agenda/simple_printable?conf_id=SI20LE
2020,EFMPL,Macro Perspectives,Philipp Kircher,philipp kircher,1,9,https://conference.nber.org/agenda/simple_printable?conf_id=SI20EFMPL
2020,EFMPL,Macro Perspectives,Guido Menzio,guido menzio,1,9,https://conference.nber.org/agenda/simple_printable?conf_id=SI20EFMPL
2020,EFMPL,Macro Perspectives,Giuseppe Moscarini,giuseppe moscarini,1,9,https://conference.nber.org/agenda/simple_printable?conf_id=SI20EFMPL
2020,MPF,Macro Public Finance,Dirk Krueger,dirk krueger,1,4,https://conference.nber.org/agenda/simple_printable?conf_id=SI20MPF
2020,MPF,Macro Public Finance,Aleh Tsyvinski,aleh tsyvinski,1,4,https://conference.nber.org/agenda/simple_printable?conf_id=SI20MPF
2020,MPF,Macro Public Finance,Florian Scheuer,florian scheuer,1,4,https://conference.nber.org/agenda/simple_printable?conf_id=SI20MPF
2020,MPF,Macro Public Finance,Stefanie Stantcheva,stefanie stantcheva,1,4,https://conference.nber.org/agenda/simple_printable?conf_id=SI20MPF
2020,EFMB,Macro Within and Across Borders,Mark A. Aguiar,mark a aguiar,1,4,https://conference.nber.org/agenda/simple_printable?conf_id=SI20EFMB
2020,EFMB,Macro Within and Across Borders,Patrick J. Kehoe,patrick j kehoe,1,4,https://conference.nber.org/agenda/simple_printable?conf_id=SI20EFMB
2020,EFMB,Macro Within and Across Borders,Mark L.J. Wright,mark l j wright,1,4,https://conference.nber.org/agenda/simple_printable?conf_id=SI20EFMB
2020,MEFM,"Macro, Money and Financial Markets",Markus K. Brunnermeier,markus k brunnermeier,1,11,https://conference.nber.org/agenda/simple_printable?conf_id=SI20MEFM
2020,MEFM,"Macro, Money and Financial Markets",Arvind Krishnamurthy,arvind krishnamurthy,1,11,https://conference.nber.org/agenda/simple_printable?conf_id=SI20MEFM
2020,MEFM,"Macro, Money and Financial Markets",Guillermo Ordoñez,guillermo ordonez,1,11,https://conference.nber.org/agenda/simple_printable?conf_id=SI20MEFM
2020,PRMP,Macroeconomics and Productivity,Susanto Basu,susanto basu,1,6,https://conference.nber.org/agenda/simple_printable?conf_id=SI20PRMP
2020,PRMP,Macroeconomics and Productivity,Nicholas Bloom,nicholas bloom,1,6,https://conference.nber.org/agenda/simple_printable?conf_id=SI20PRMP
2020,PRMP,Macroeconomics and Productivity,Raffaella Sadun,raffaella sadun,1,6,https://conference.nber.org/agenda/simple_printable?conf_id=SI20PRMP
2020,PRMP,Macroeconomics and Productivity,Chad Syverson,chad syverson,1,6,https://conference.nber.org/agenda/simple_printable?conf_id=SI20PRMP
2020,EFMM,Micro Data and Macro Models,Erik Hurst,erik hurst,1,7,https://conference.nber.org/agenda/simple_printable?conf_id=SI20EFMM
2020,EFMM,Micro Data and Macro Models,Greg Kaplan,greg kaplan,1,7,https://conference.nber.org/agenda/simple_printable?conf_id=SI20EFMM
2020,EFMM,Micro Data and Macro Models,Giovanni L. Violante,giovanni l violante,1,7,https://conference.nber.org/agenda/simple_printable?conf_id=SI20EFMM
2020,ME,Monetary Economics,Emi Nakamura,emi nakamura,1,19,https://conference.nber.org/agenda/simple_printable?conf_id=SI20ME
2020,ME,Monetary Economics,Jón Steinsson,jon steinsson,1,19,https://conference.nber.org/agenda/simple_printable?conf_id=SI20ME
2020,PPL,Personnel Economics,Mitchell Hoffman,mitchell hoffman,1,9,https://conference.nber.org/agenda/simple_printable?conf_id=SI20PPL
2020,PPL,Personnel Economics,Kathryn L. Shaw,kathryn l shaw,1,9,https://conference.nber.org/agenda/simple_printable?conf_id=SI20PPL
2020,POL,Political Economy,Gerard Padró I Miquel,gerard padro i miquel,1,5,https://conference.nber.org/agenda/simple_printable?conf_id=SI20POL
2020,POL,Political Economy,Jesse M. Shapiro,jesse m shapiro,1,5,https://conference.nber.org/agenda/simple_printable?conf_id=SI20POL
2020,PRPD,"Productivity, Development, and Entrepreneurship",Nicholas Bloom,nicholas bloom,1,5,https://conference.nber.org/agenda/simple_printable?conf_id=SI20PRPD
2020,PRPD,"Productivity, Development, and Entrepreneurship",Chang-Tai Hsieh,chang-tai hsieh,1,5,https://conference.nber.org/agenda/simple_printable?conf_id=SI20PRPD
2020,PRPD,"Productivity, Development, and Entrepreneurship",Tavneet Suri,tavneet suri,1,5,https://conference.nber.org/agenda/simple_printable?conf_id=SI20PRPD
2020,PRPD,"Productivity, Development, and Entrepreneurship",Christopher Woodruff,christopher woodruff,1,5,https://conference.nber.org/agenda/simple_printable?conf_id=SI20PRPD
2020,PE,Public Economics,Raj Chetty,raj chetty,1,12,https://conference.nber.org/agenda/simple_printable?conf_id=SI20PE
2020,PE,Public Economics,Jeffrey Clemens,jeffrey clemens,1,12,https://conference.nber.org/agenda/simple_printable?conf_id=SI20PE
2020,PE,Public Economics,Nathaniel Hendren,nathaniel hendren,1,12,https://conference.nber.org/agenda/simple_printable?conf_id=SI20PE
2020,PE,Public Economics,Henrik Kleven,henrik kleven,1,12,https://conference.nber.org/agenda/simple_printable?conf_id=SI20PE
2020,PE,Public Economics,Dmitry Taubinsky,dmitry taubinsky,1,12,https://conference.nber.org/agenda/simple_printable?conf_id=SI20PE
2020,PE,Public Economics,Danny Yagan,danny yagan,1,12,https://conference.nber.org/agenda/simple_printable?conf_id=SI20PE
2020,REAL,Real Estate,Fernando V. Ferreira,fernando v ferreira,1,14,https://conference.nber.org/agenda/simple_printable?conf_id=SI20REAL
2020,REAL,Real Estate,Tomasz Piskorski,tomasz piskorski,1,14,https://conference.nber.org/agenda/simple_printable?conf_id=SI20REAL
2020,RISK,Risks of Financial Institutions,Mark Carey,mark carey,1,11,https://conference.nber.org/agenda/simple_printable?conf_id=SI20RISK
2020,RISK,Risks of Financial Institutions,René M. Stulz,rene m stulz,1,11,https://conference.nber.org/agenda/simple_printable?conf_id=SI20RISK
2020,SIP,Science of Science Funding,Paula Stephan,paula stephan,1,5,https://conference.nber.org/agenda/simple_printable?conf_id=SI20PRSF
2020,SIP,Science of Science Funding,Reinhilde Veugelers,reinhilde veugelers,1,5,https://conference.nber.org/agenda/simple_printable?conf_id=SI20PRSF
2020,URB,Urban Economics,Edward L. Glaeser,edward l glaeser,1,26,https://conference.nber.org/agenda/simple_printable?conf_id=SI20URB
2021,AG,Aging,David M. Cutler,david m cutler,1,18,https://conference.nber.org/agenda/simple_printable?conf_id=SI21AG
2021,AG,Aging,Jonathan S. Skinner,jonathan s skinner,1,18,https://conference.nber.org/agenda/simple_printable?conf_id=SI21AG
2021,AP,Asset Pricing,Ralph S. J. Koijen,ralph s j koijen,1,10,https://conference.nber.org/agenda/simple_printable?conf_id=SI21AP
2021,AP,Asset Pricing,Sydney C. Ludvigson,sydney c ludvigson,1,10,https://conference.nber.org/agenda/simple_printable?conf_id=SI21AP
2021,EFBEM,Behavioral Macro,Andrew Caplin,andrew caplin,1,5,https://conference.nber.org/agenda/simple_printable?conf_id=SI21EFBEM
2021,EFBEM,Behavioral Macro,Michael Woodford,michael woodford,1,5,https://conference.nber.org/agenda/simple_printable?conf_id=SI21EFBEM
2021,HPC,Big Data and High-Performance Computing,Toni Whited,toni whited,1,14,https://conference.nber.org/agenda/simple_printable?conf_id=SI21HPC
2021,HPC,Big Data and High-Performance Computing,Mao Ye,mao ye,1,14,https://conference.nber.org/agenda/simple_printable?conf_id=SI21HPC
2021,EFEL,Capital Markets and the Economy,Janice C. Eberly,janice c eberly,1,12,https://conference.nber.org/agenda/simple_printable?conf_id=SI21EFEL
2021,EFEL,Capital Markets and the Economy,Deborah J. Lucas,deborah j lucas,1,12,https://conference.nber.org/agenda/simple_printable?conf_id=SI21EFEL
2021,CH,Children,Janet Currie,janet currie,1,16,https://conference.nber.org/agenda/simple_printable?conf_id=SI21CH
2021,CH,Children,Anna Aizer,anna aizer,1,16,https://conference.nber.org/agenda/simple_printable?conf_id=SI21CH
2021,CRIW,Conference on Research in Income and Wealth,Katharine G. Abraham,katharine g abraham,1,14,https://conference.nber.org/agenda/simple_printable?conf_id=SI21PRCR
2021,CRIW,Conference on Research in Income and Wealth,Susanto Basu,susanto basu,1,14,https://conference.nber.org/agenda/simple_printable?conf_id=SI21PRCR
2021,CRIW,Conference on Research in Income and Wealth,Nicholas Bloom,nicholas bloom,1,14,https://conference.nber.org/agenda/simple_printable?conf_id=SI21PRCR
2021,CRIW,Conference on Research in Income and Wealth,Carol A. Corrado,carol a corrado,1,14,https://conference.nber.org/agenda/simple_printable?conf_id=SI21PRCR
2021,CF,Corporate Finance,Antoinette Schoar,antoinette schoar,1,12,https://conference.nber.org/agenda/simple_printable?conf_id=SI21CF
2021,CF,Corporate Finance,Amir Sufi,amir sufi,1,12,https://conference.nber.org/agenda/simple_printable?conf_id=SI21CF
2021,DEV,Development Economics,David Atkin,david atkin,1,12,https://conference.nber.org/agenda/simple_printable?conf_id=SI21DEV
2021,DEV,Development Economics,Frederico Finan,frederico finan,1,12,https://conference.nber.org/agenda/simple_printable?conf_id=SI21DEV
2021,DEV,Development Economics,Andrew Foster,andrew foster,1,12,https://conference.nber.org/agenda/simple_printable?conf_id=SI21DEV
2021,DEV,Development Economics,Rema Hanna,rema hanna,1,12,https://conference.nber.org/agenda/simple_printable?conf_id=SI21DEV
2021,DEV,Development Economics,Seema Jayachandran,seema jayachandran,1,12,https://conference.nber.org/agenda/simple_printable?conf_id=SI21DEV
2021,DEV,Development Economics,Ahmed Mushfiq Mobarak,ahmed mushfiq mobarak,1,12,https://conference.nber.org/agenda/simple_printable?conf_id=SI21DEV
2021,DEV,Development Economics,Shing-Yi Wang,shing-yi wang,1,12,https://conference.nber.org/agenda/simple_printable?conf_id=SI21DEV
2021,DAE,Development of the American Economy,Christopher M. Meissner,christopher m meissner,1,24,https://conference.nber.org/agenda/simple_printable?conf_id=SI21DAE
2021,DAE,Development of the American Economy,John Parman,john parman,1,24,https://conference.nber.org/agenda/simple_printable?conf_id=SI21DAE
2021,DAE,Development of the American Economy,Allison Shertzer,allison shertzer,1,24,https://conference.nber.org/agenda/simple_printable?conf_id=SI21DAE
2021,DAE,Development of the American Economy,Leah Platt Boustan,leah platt boustan,1,24,https://conference.nber.org/agenda/simple_printable?conf_id=SI21DAE
2021,DAE,Development of the American Economy,William J. Collins,william j collins,1,24,https://conference.nber.org/agenda/simple_printable?conf_id=SI21DAE
2021,DEM,Dynamic Equilibrium Models,S. Borağan Aruoba,s boragan aruoba,1,8,https://conference.nber.org/agenda/simple_printable?conf_id=SI21EFSF
2021,DEM,Dynamic Equilibrium Models,Jesús Fernández-Villaverde,jesus fernandez-villaverde,1,8,https://conference.nber.org/agenda/simple_printable?conf_id=SI21EFSF
2021,DEM,Dynamic Equilibrium Models,Frank Schorfheide,frank schorfheide,1,8,https://conference.nber.org/agenda/simple_printable?conf_id=SI21EFSF
2021,EFEG,EFG Program Meeting,Jennifer La'O,jennifer lao,1,6,https://conference.nber.org/agenda/simple_printable?conf_id=EFGs21
2021,EFEG,EFG Program Meeting,Giovanni L. Violante,giovanni l violante,1,6,https://conference.nber.org/agenda/simple_printable?conf_id=EFGs21
2021,EFG,Economic Growth,Ufuk Akcigit,ufuk akcigit,1,12,https://conference.nber.org/agenda/simple_printable?conf_id=SI21EFEG
2021,EFG,Economic Growth,Francisco J. Buera,francisco j buera,1,12,https://conference.nber.org/agenda/simple_printable?conf_id=SI21EFEG
2021,EFG,Economic Growth,David Lagakos,david lagakos,1,12,https://conference.nber.org/agenda/simple_printable?conf_id=SI21EFEG
2021,CRI,Economics of Crime,Philip J. Cook,philip j cook,1,12,https://conference.nber.org/agenda/simple_printable?conf_id=SI21CRI
2021,CRI,Economics of Crime,Jens Ludwig,jens ludwig,1,12,https://conference.nber.org/agenda/simple_printable?conf_id=SI21CRI
2021,CRI,Economics of Crime,Crystal Yang,crystal yang,1,12,https://conference.nber.org/agenda/simple_printable?conf_id=SI21CRI
2021,ED,Economics of Education,Caroline M. Hoxby,caroline m hoxby,1,12,https://conference.nber.org/agenda/simple_printable?conf_id=SI21ED
2021,PENS,Economics of National Security,Eli Berman,eli berman,1,6,https://conference.nber.org/agenda/simple_printable?conf_id=SI21PENS
2021,PESS,Economics of Social Security,Alexander M. Gelber,alexander m gelber,1,7,https://conference.nber.org/agenda/simple_printable?conf_id=SI21ESS
2021,PESS,Economics of Social Security,James M. Poterba,james m poterba,1,7,https://conference.nber.org/agenda/simple_printable?conf_id=SI21ESS
2021,ENT,Entrepreneurship,Yael Hochberg,yael hochberg,1,6,https://conference.nber.org/agenda/simple_printable?conf_id=SI21PRENT
2021,ENT,Entrepreneurship,Josh Lerner,josh lerner,1,6,https://conference.nber.org/agenda/simple_printable?conf_id=SI21PRENT
2021,ENT,Entrepreneurship,David T. Robinson,david t robinson,1,6,https://conference.nber.org/agenda/simple_printable?conf_id=SI21PRENT
2021,EEE,Environmental & Energy Economics,Matthew Kotchen,matthew kotchen,1,24,https://conference.nber.org/agenda/simple_printable?conf_id=SI21EEE
2021,EEE,Environmental & Energy Economics,Mar Reguant,mar reguant,1,24,https://conference.nber.org/agenda/simple_printable?conf_id=SI21EEE
2021,EFFE,Forecasting and Empirical Methods,Allan Timmermann,allan timmermann,1,8,https://conference.nber.org/agenda/simple_printable?conf_id=SI21EFFE
2021,EFFE,Forecasting and Empirical Methods,Jonathan H. Wright,jonathan h wright,1,8,https://conference.nber.org/agenda/simple_printable?conf_id=SI21EFFE
2021,HC,Health Care,William N. Evans,william n evans,1,8,https://conference.nber.org/agenda/simple_printable?conf_id=SI21HC
2021,HC,Health Care,Amy Finkelstein,amy finkelstein,1,8,https://conference.nber.org/agenda/simple_printable?conf_id=SI21HC
2021,HC,Health Care,Timothy Layton,timothy layton,1,8,https://conference.nber.org/agenda/simple_printable?conf_id=SI21HC
2021,HC,Health Care,Heidi L. Williams,heidi l williams,1,8,https://conference.nber.org/agenda/simple_printable?conf_id=SI21HC
2021,HE,Health Economics,Christopher S. Carpenter,christopher s carpenter,1,10,https://conference.nber.org/agenda/simple_printable?conf_id=SI21HE
2021,HE,Health Economics,Rosalie Liccardo Pacula,rosalie liccardo pacula,1,10,https://conference.nber.org/agenda/simple_printable?conf_id=SI21HE
2021,HE,Health Economics,Tara Watson,tara watson,1,10,https://conference.nber.org/agenda/simple_printable?conf_id=SI21HE
2021,HF,Household Finance,Adair Morse,adair morse,1,16,https://conference.nber.org/agenda/simple_printable?conf_id=SI21HF
2021,HF,Household Finance,Johannes Stroebel,johannes stroebel,1,16,https://conference.nber.org/agenda/simple_printable?conf_id=SI21HF
2021,HF,Household Finance,Stephen P. Zeldes,stephen p zeldes,1,16,https://conference.nber.org/agenda/simple_printable?conf_id=SI21HF
2021,IFMDS,IFM Data Sources,Galina Hale,galina hale,1,5,https://conference.nber.org/agenda/simple_printable?conf_id=SI21IFMDS
2021,IFMDS,IFM Data Sources,Michael W. Klein,michael w klein,1,5,https://conference.nber.org/agenda/simple_printable?conf_id=SI21IFMDS
2021,PRIT,IT and Digitization,Susan Athey,susan athey,1,37,https://conference.nber.org/agenda/simple_printable?conf_id=SI21PRIT
2021,PRIT,IT and Digitization,Erik Brynjolfsson,erik brynjolfsson,1,37,https://conference.nber.org/agenda/simple_printable?conf_id=SI21PRIT
2021,PRIT,IT and Digitization,Catherine Tucker,catherine tucker,1,37,https://conference.nber.org/agenda/simple_printable?conf_id=SI21PRIT
2021,PRIT,IT and Digitization,Hal R. Varian,hal r varian,1,37,https://conference.nber.org/agenda/simple_printable?conf_id=SI21PRIT
2021,IPM,Impulse and Propagation Mechanisms,Lawrence Christiano,lawrence christiano,1,20,https://conference.nber.org/agenda/simple_printable?conf_id=SI21EFCE
2021,IPM,Impulse and Propagation Mechanisms,Martin S. Eichenbaum,martin s eichenbaum,1,20,https://conference.nber.org/agenda/simple_printable?conf_id=SI21EFCE
2021,IO,Industrial Organization,Ulrich Doraszelski,ulrich doraszelski,1,12,https://conference.nber.org/agenda/simple_printable?conf_id=SI21IO
2021,IO,Industrial Organization,Gastón Illanes,gaston illanes,1,12,https://conference.nber.org/agenda/simple_printable?conf_id=SI21IO
2021,IO,Industrial Organization,Bradley Larsen,bradley larsen,1,12,https://conference.nber.org/agenda/simple_printable?conf_id=SI21IO
2021,IO,Industrial Organization,Fiona Scott Morton,fiona scott morton,1,12,https://conference.nber.org/agenda/simple_printable?conf_id=SI21IO
2021,EFDIS,Inequality and the Macroeconomy,Roland Bénabou,roland benabou,1,6,https://conference.nber.org/agenda/simple_printable?conf_id=SI21EFDIS
2021,EFDIS,Inequality and the Macroeconomy,Raquel Fernández,raquel fernandez,1,6,https://conference.nber.org/agenda/simple_printable?conf_id=SI21EFDIS
2021,EFDIS,Inequality and the Macroeconomy,Oded Galor,oded galor,1,6,https://conference.nber.org/agenda/simple_printable?conf_id=SI21EFDIS
2021,PRINN,Innovation,Adam B. Jaffe,adam b jaffe,1,8,https://conference.nber.org/agenda/simple_printable?conf_id=SI21PRINN
2021,PRINN,Innovation,Benjamin Jones,benjamin jones,1,8,https://conference.nber.org/agenda/simple_printable?conf_id=SI21PRINN
2021,PRINN,Innovation,Heidi L. Williams,heidi l williams,1,8,https://conference.nber.org/agenda/simple_printable?conf_id=SI21PRINN
2021,IAP,International Asset Pricing,Karen K. Lewis,karen k lewis,1,7,https://conference.nber.org/agenda/simple_printable?conf_id=SI21IAP
2021,IAP,International Asset Pricing,Adrien Verdelhan,adrien verdelhan,1,7,https://conference.nber.org/agenda/simple_printable?conf_id=SI21IAP
2021,IFM,International Finance & Macroeconomics,Galina Hale,galina hale,1,12,https://conference.nber.org/agenda/simple_printable?conf_id=SI21IFM
2021,IFM,International Finance & Macroeconomics,Matteo Maggiori,matteo maggiori,1,12,https://conference.nber.org/agenda/simple_printable?conf_id=SI21IFM
2021,ITI,International Trade & Investment,Laura Alfaro,laura alfaro,1,15,https://conference.nber.org/agenda/simple_printable?conf_id=SI21ITI
2021,ITI,International Trade & Investment,Pablo D. Fajgelbaum,pablo d fajgelbaum,1,15,https://conference.nber.org/agenda/simple_printable?conf_id=SI21ITI
2021,ITI,International Trade & Investment,Stephen J. Redding,stephen j redding,1,15,https://conference.nber.org/agenda/simple_printable?conf_id=SI21ITI
2021,ITM,International Trade & Macroeconomics,Andrei A. Levchenko,andrei a levchenko,1,4,https://conference.nber.org/agenda/simple_printable?conf_id=SI21ITM
2021,ITM,International Trade & Macroeconomics,Katheryn Russ,katheryn russ,1,4,https://conference.nber.org/agenda/simple_printable?conf_id=SI21ITM
2021,LS,Labor Studies,David Autor,david autor,1,19,https://conference.nber.org/agenda/simple_printable?conf_id=SI21LS
2021,LS,Labor Studies,Patrick M. Kline,patrick m kline,1,19,https://conference.nber.org/agenda/simple_printable?conf_id=SI21LS
2021,LS,Labor Studies,Alexandre Mas,alexandre mas,1,19,https://conference.nber.org/agenda/simple_printable?conf_id=SI21LS
2021,LS,Labor Studies,Conrad Miller,conrad miller,1,19,https://conference.nber.org/agenda/simple_printable?conf_id=SI21LS
2021,LS,Labor Studies,Isaac Sorkin,isaac sorkin,1,19,https://conference.nber.org/agenda/simple_printable?conf_id=SI21LS
2021,LS,Labor Studies,Heather Sarsons,heather sarsons,1,19,https://conference.nber.org/agenda/simple_printable?conf_id=SI21LS
2021,LS,Labor Studies,Simon Jäger,simon jager,1,19,https://conference.nber.org/agenda/simple_printable?conf_id=SI21LS
2021,LE,Law and Economics,Christine Jolls,christine jolls,1,4,https://conference.nber.org/agenda/simple_printable?conf_id=SI21LE
2021,EFMPL,Macro Perspectives,Philipp Kircher,philipp kircher,1,12,https://conference.nber.org/agenda/simple_printable?conf_id=SI21EFMPL
2021,EFMPL,Macro Perspectives,Guido Menzio,guido menzio,1,12,https://conference.nber.org/agenda/simple_printable?conf_id=SI21EFMPL
2021,EFMPL,Macro Perspectives,Giuseppe Moscarini,giuseppe moscarini,1,12,https://conference.nber.org/agenda/simple_printable?conf_id=SI21EFMPL
2021,MPF,Macro Public Finance,Dirk Krueger,dirk krueger,1,6,https://conference.nber.org/agenda/simple_printable?conf_id=SI21MPF
2021,MPF,Macro Public Finance,Aleh Tsyvinski,aleh tsyvinski,1,6,https://conference.nber.org/agenda/simple_printable?conf_id=SI21MPF
2021,MPF,Macro Public Finance,Florian Scheuer,florian scheuer,1,6,https://conference.nber.org/agenda/simple_printable?conf_id=SI21MPF
2021,MPF,Macro Public Finance,Stefanie Stantcheva,stefanie stantcheva,1,6,https://conference.nber.org/agenda/simple_printable?conf_id=SI21MPF
2021,EFMB,Macro Within and Across Borders,Mark A. Aguiar,mark a aguiar,1,5,https://conference.nber.org/agenda/simple_printable?conf_id=SI21EFMB
2021,EFMB,Macro Within and Across Borders,Cristina Arellano,cristina arellano,1,5,https://conference.nber.org/agenda/simple_printable?conf_id=SI21EFMB
2021,EFMB,Macro Within and Across Borders,Patrick J. Kehoe,patrick j kehoe,1,5,https://conference.nber.org/agenda/simple_printable?conf_id=SI21EFMB
2021,EFMB,Macro Within and Across Borders,Mark L.J. Wright,mark l j wright,1,5,https://conference.nber.org/agenda/simple_printable?conf_id=SI21EFMB
2021,MEFM,"Macro, Money and Financial Markets",Markus K. Brunnermeier,markus k brunnermeier,1,11,https://conference.nber.org/agenda/simple_printable?conf_id=SI21MEFM
2021,MEFM,"Macro, Money and Financial Markets",Arvind Krishnamurthy,arvind krishnamurthy,1,11,https://conference.nber.org/agenda/simple_printable?conf_id=SI21MEFM
2021,MEFM,"Macro, Money and Financial Markets",Guillermo Ordoñez,guillermo ordonez,1,11,https://conference.nber.org/agenda/simple_printable?conf_id=SI21MEFM
2021,PRMP,Macroeconomics and Productivity,Susanto Basu,susanto basu,1,6,https://conference.nber.org/agenda/simple_printable?conf_id=SI21PRMP
2021,PRMP,Macroeconomics and Productivity,Nicholas Bloom,nicholas bloom,1,6,https://conference.nber.org/agenda/simple_printable?conf_id=SI21PRMP
2021,PRMP,Macroeconomics and Productivity,Raffaella Sadun,raffaella sadun,1,6,https://conference.nber.org/agenda/simple_printable?conf_id=SI21PRMP
2021,PRMP,Macroeconomics and Productivity,Chad Syverson,chad syverson,1,6,https://conference.nber.org/agenda/simple_printable?conf_id=SI21PRMP
2021,EFMM,Micro Data and Macro Models,Erik Hurst,erik hurst,1,9,https://conference.nber.org/agenda/simple_printable?conf_id=SI21EFMM
2021,EFMM,Micro Data and Macro Models,Greg Kaplan,greg kaplan,1,9,https://conference.nber.org/agenda/simple_printable?conf_id=SI21EFMM
2021,EFMM,Micro Data and Macro Models,Giovanni L. Violante,giovanni l violante,1,9,https://conference.nber.org/agenda/simple_printable?conf_id=SI21EFMM
2021,ME,Monetary Economics,Emi Nakamura,emi nakamura,1,19,https://conference.nber.org/agenda/simple_printable?conf_id=SI21ME
2021,ME,Monetary Economics,Jón Steinsson,jon steinsson,1,19,https://conference.nber.org/agenda/simple_printable?conf_id=SI21ME
2021,PPL,Personnel Economics,Mitchell Hoffman,mitchell hoffman,1,14,https://conference.nber.org/agenda/simple_printable?conf_id=SI21PPL
2021,PPL,Personnel Economics,Kathryn L. Shaw,kathryn l shaw,1,14,https://conference.nber.org/agenda/simple_printable?conf_id=SI21PPL
2021,POL,Political Economy,Francesco Trebbi,francesco trebbi,1,9,https://conference.nber.org/agenda/simple_printable?conf_id=SI21POL
2021,POL,Political Economy,Ebonya L. Washington,ebonya l washington,1,9,https://conference.nber.org/agenda/simple_printable?conf_id=SI21POL
2021,PRPD,"Productivity, Development, and Entrepreneurship",Nicholas Bloom,nicholas bloom,1,6,https://conference.nber.org/agenda/simple_printable?conf_id=SI21PRPD
2021,PRPD,"Productivity, Development, and Entrepreneurship",Chang-Tai Hsieh,chang-tai hsieh,1,6,https://conference.nber.org/agenda/simple_printable?conf_id=SI21PRPD
2021,PRPD,"Productivity, Development, and Entrepreneurship",Tavneet Suri,tavneet suri,1,6,https://conference.nber.org/agenda/simple_printable?conf_id=SI21PRPD
2021,PRPD,"Productivity, Development, and Entrepreneurship",Christopher Woodruff,christopher woodruff,1,6,https://conference.nber.org/agenda/simple_printable?conf_id=SI21PRPD
2021,PE,Public Economics,Jeffrey Clemens,jeffrey clemens,1,12,https://conference.nber.org/agenda/simple_printable?conf_id=SI21PE
2021,PE,Public Economics,Peter Bergman,peter bergman,1,12,https://conference.nber.org/agenda/simple_printable?conf_id=SI21PE
2021,PE,Public Economics,Louis Kaplow,louis kaplow,1,12,https://conference.nber.org/agenda/simple_printable?conf_id=SI21PE
2021,PE,Public Economics,Katherine Meckel,katherine meckel,1,12,https://conference.nber.org/agenda/simple_printable?conf_id=SI21PE
2021,PE,Public Economics,Monica Singhal,monica singhal,1,12,https://conference.nber.org/agenda/simple_printable?conf_id=SI21PE
2021,PE,Public Economics,Owen M. Zidar,owen m zidar,1,12,https://conference.nber.org/agenda/simple_printable?conf_id=SI21PE
2021,REAL,Real Estate,Rebecca Diamond,rebecca diamond,1,18,https://conference.nber.org/agenda/simple_printable?conf_id=SI21REAL
2021,REAL,Real Estate,Fernando V. Ferreira,fernando v ferreira,1,18,https://conference.nber.org/agenda/simple_printable?conf_id=SI21REAL
2021,REAL,Real Estate,Tomasz Piskorski,tomasz piskorski,1,18,https://conference.nber.org/agenda/simple_printable?conf_id=SI21REAL
2021,RISK,Risks of Financial Institutions,Mark Carey,mark carey,1,11,https://conference.nber.org/agenda/simple_printable?conf_id=SI21RISK
2021,RISK,Risks of Financial Institutions,René M. Stulz,rene m stulz,1,11,https://conference.nber.org/agenda/simple_printable?conf_id=SI21RISK
2021,SIP,Science of Science Funding,Paula Stephan,paula stephan,1,7,https://conference.nber.org/agenda/simple_printable?conf_id=SI21PRSF
2021,SIP,Science of Science Funding,Reinhilde Veugelers,reinhilde veugelers,1,7,https://conference.nber.org/agenda/simple_printable?conf_id=SI21PRSF
2021,URB,Urban Economics,Edward L. Glaeser,edward l glaeser,1,35,https://conference.nber.org/agenda/simple_printable?conf_id=SI21URB
2022,AG,Aging,David M. Cutler,david m cutler,1,16,https://conference.nber.org/agenda/simple_printable?conf_id=SI22AG
2022,AG,Aging,Kosali I. Simon,kosali i simon,1,16,https://conference.nber.org/agenda/simple_printable?conf_id=SI22AG
2022,AG,Aging,Jonathan S. Skinner,jonathan s skinner,1,16,https://conference.nber.org/agenda/simple_printable?conf_id=SI22AG
2022,AP,Asset Pricing,Ralph S. J. Koijen,ralph s j koijen,1,14,https://conference.nber.org/agenda/simple_printable?conf_id=SI22AP
2022,AP,Asset Pricing,Sydney C. Ludvigson,sydney c ludvigson,1,14,https://conference.nber.org/agenda/simple_printable?conf_id=SI22AP
2022,EFBEM,Behavioral Macro,Andrew Caplin,andrew caplin,1,6,https://conference.nber.org/agenda/simple_printable?conf_id=SI22EFBEM
2022,EFBEM,Behavioral Macro,Michael Woodford,michael woodford,1,6,https://conference.nber.org/agenda/simple_printable?conf_id=SI22EFBEM
2022,HPC,Big Data and High-Performance Computing,Toni Whited,toni whited,1,8,https://conference.nber.org/agenda/simple_printable?conf_id=SI22HPC
2022,HPC,Big Data and High-Performance Computing,Mao Ye,mao ye,1,8,https://conference.nber.org/agenda/simple_printable?conf_id=SI22HPC
2022,EFEL,Capital Markets and the Economy,Janice C. Eberly,janice c eberly,1,12,https://conference.nber.org/agenda/simple_printable?conf_id=SI22EFEL
2022,EFEL,Capital Markets and the Economy,Deborah J. Lucas,deborah j lucas,1,12,https://conference.nber.org/agenda/simple_printable?conf_id=SI22EFEL
2022,CH,Children,Janet Currie,janet currie,1,21,https://conference.nber.org/agenda/simple_printable?conf_id=SI22CH
2022,CH,Children,Anna Aizer,anna aizer,1,21,https://conference.nber.org/agenda/simple_printable?conf_id=SI22CH
2022,CRIW,Conference on Research in Income and Wealth,Katharine G. Abraham,katharine g abraham,1,16,https://conference.nber.org/agenda/simple_printable?conf_id=SI22PRCR
2022,CRIW,Conference on Research in Income and Wealth,Susanto Basu,susanto basu,1,16,https://conference.nber.org/agenda/simple_printable?conf_id=SI22PRCR
2022,CRIW,Conference on Research in Income and Wealth,David M. Byrne,david m byrne,1,16,https://conference.nber.org/agenda/simple_printable?conf_id=SI22PRCR
2022,CF,Corporate Finance,Antoinette Schoar,antoinette schoar,1,12,https://conference.nber.org/agenda/simple_printable?conf_id=SI22CF
2022,CF,Corporate Finance,Amir Sufi,amir sufi,1,12,https://conference.nber.org/agenda/simple_printable?conf_id=SI22CF
2022,DEV,Development Economics,Jishnu Das,jishnu das,1,19,https://conference.nber.org/agenda/simple_printable?conf_id=SI22DEV
2022,DEV,Development Economics,Benjamin Faber,benjamin faber,1,19,https://conference.nber.org/agenda/simple_printable?conf_id=SI22DEV
2022,DEV,Development Economics,Eric V. Edmonds,eric v edmonds,1,19,https://conference.nber.org/agenda/simple_printable?conf_id=SI22DEV
2022,DEV,Development Economics,Seema Jayachandran,seema jayachandran,1,19,https://conference.nber.org/agenda/simple_printable?conf_id=SI22DEV
2022,DEV,Development Economics,Costas Meghir,costas meghir,1,19,https://conference.nber.org/agenda/simple_printable?conf_id=SI22DEV
2022,DEV,Development Economics,Dilip Mookherjee,dilip mookherjee,1,19,https://conference.nber.org/agenda/simple_printable?conf_id=SI22DEV
2022,DEV,Development Economics,Melanie Morten,melanie morten,1,19,https://conference.nber.org/agenda/simple_printable?conf_id=SI22DEV
2022,DEV,Development Economics,Tom Vogl,tom vogl,1,19,https://conference.nber.org/agenda/simple_printable?conf_id=SI22DEV
2022,DAE,Development of the American Economy,Katherine Eriksson,katherine eriksson,1,31,https://conference.nber.org/agenda/simple_printable?conf_id=SI22DAE
2022,DAE,Development of the American Economy,Martin Fiszbein,martin fiszbein,1,31,https://conference.nber.org/agenda/simple_printable?conf_id=SI22DAE
2022,DAE,Development of the American Economy,Christopher M. Meissner,christopher m meissner,1,31,https://conference.nber.org/agenda/simple_printable?conf_id=SI22DAE
2022,DAE,Development of the American Economy,Leah Platt Boustan,leah platt boustan,1,31,https://conference.nber.org/agenda/simple_printable?conf_id=SI22DAE
2022,DAE,Development of the American Economy,William J. Collins,william j collins,1,31,https://conference.nber.org/agenda/simple_printable?conf_id=SI22DAE
2022,DEM,Dynamic Equilibrium Models,S. Borağan Aruoba,s boragan aruoba,1,8,https://conference.nber.org/agenda/simple_printable?conf_id=SI22EFSF
2022,DEM,Dynamic Equilibrium Models,Jesús Fernández-Villaverde,jesus fernandez-villaverde,1,8,https://conference.nber.org/agenda/simple_printable?conf_id=SI22EFSF
2022,DEM,Dynamic Equilibrium Models,Frank Schorfheide,frank schorfheide,1,8,https://conference.nber.org/agenda/simple_printable?conf_id=SI22EFSF
2022,EFEG,EFG Program Meeting,Mark Gertler,mark gertler,1,6,https://conference.nber.org/agenda/simple_printable?conf_id=EFGs22
2022,EFEG,EFG Program Meeting,Peter J. Klenow,peter j klenow,1,6,https://conference.nber.org/agenda/simple_printable?conf_id=EFGs22
2022,EFG,Economic Growth,Ufuk Akcigit,ufuk akcigit,1,12,https://conference.nber.org/agenda/simple_printable?conf_id=SI22EFEG
2022,EFG,Economic Growth,Francisco J. Buera,francisco j buera,1,12,https://conference.nber.org/agenda/simple_printable?conf_id=SI22EFEG
2022,EFG,Economic Growth,David Lagakos,david lagakos,1,12,https://conference.nber.org/agenda/simple_printable?conf_id=SI22EFEG
2022,CRI,Economics of Crime,Jens Ludwig,jens ludwig,1,14,https://conference.nber.org/agenda/simple_printable?conf_id=SI22CRI
2022,CRI,Economics of Crime,Crystal Yang,crystal yang,1,14,https://conference.nber.org/agenda/simple_printable?conf_id=SI22CRI
2022,ED,Economics of Education,Caroline M. Hoxby,caroline m hoxby,1,6,https://conference.nber.org/agenda/simple_printable?conf_id=SI22ED
2022,PENS,Economics of National Security,Eli Berman,eli berman,1,7,https://conference.nber.org/agenda/simple_printable?conf_id=SI22PENS
2022,PESS,Economics of Social Security,Alexander M. Gelber,alexander m gelber,1,6,https://conference.nber.org/agenda/simple_printable?conf_id=SI22ESS
2022,PESS,Economics of Social Security,James M. Poterba,james m poterba,1,6,https://conference.nber.org/agenda/simple_printable?conf_id=SI22ESS
2022,ENT,Entrepreneurship,Yael Hochberg,yael hochberg,1,8,https://conference.nber.org/agenda/simple_printable?conf_id=SI22PRENT
2022,ENT,Entrepreneurship,Josh Lerner,josh lerner,1,8,https://conference.nber.org/agenda/simple_printable?conf_id=SI22PRENT
2022,ENT,Entrepreneurship,David T. Robinson,david t robinson,1,8,https://conference.nber.org/agenda/simple_printable?conf_id=SI22PRENT
2022,EEE,Environmental & Energy Economics,Meredith Fowlie,meredith fowlie,1,22,https://conference.nber.org/agenda/simple_printable?conf_id=SI22EEE
2022,EEE,Environmental & Energy Economics,Koichiro Ito,koichiro ito,1,22,https://conference.nber.org/agenda/simple_printable?conf_id=SI22EEE
2022,EFFE,Forecasting and Empirical Methods,Allan Timmermann,allan timmermann,1,16,https://conference.nber.org/agenda/simple_printable?conf_id=SI22EFFE
2022,EFFE,Forecasting and Empirical Methods,Jonathan H. Wright,jonathan h wright,1,16,https://conference.nber.org/agenda/simple_printable?conf_id=SI22EFFE
2022,GE,Gender in the Economy,Jessica Goldberg,jessica goldberg,1,11,https://conference.nber.org/agenda/simple_printable?conf_id=SI22GE
2022,GE,Gender in the Economy,Claudia Goldin,claudia goldin,1,11,https://conference.nber.org/agenda/simple_printable?conf_id=SI22GE
2022,GE,Gender in the Economy,Claudia Olivetti,claudia olivetti,1,11,https://conference.nber.org/agenda/simple_printable?conf_id=SI22GE
2022,GE,Gender in the Economy,Manisha Shah,manisha shah,1,11,https://conference.nber.org/agenda/simple_printable?conf_id=SI22GE
2022,HC,Health Care,Amy Finkelstein,amy finkelstein,1,11,https://conference.nber.org/agenda/simple_printable?conf_id=SI22HC
2022,HC,Health Care,Matthew J. Notowidigdo,matthew j notowidigdo,1,11,https://conference.nber.org/agenda/simple_printable?conf_id=SI22HC
2022,HC,Health Care,James B. Rebitzer,james b rebitzer,1,11,https://conference.nber.org/agenda/simple_printable?conf_id=SI22HC
2022,HC,Health Care,Amanda Starc,amanda starc,1,11,https://conference.nber.org/agenda/simple_printable?conf_id=SI22HC
2022,HC,Health Care,Heidi L. Williams,heidi l williams,1,11,https://conference.nber.org/agenda/simple_printable?conf_id=SI22HC
2022,HE,Health Economics,Marianne Bitler,marianne bitler,1,10,https://conference.nber.org/agenda/simple_printable?conf_id=SI22HE
2022,HE,Health Economics,Christopher S. Carpenter,christopher s carpenter,1,10,https://conference.nber.org/agenda/simple_printable?conf_id=SI22HE
2022,HE,Health Economics,Marcus Dillender,marcus dillender,1,10,https://conference.nber.org/agenda/simple_printable?conf_id=SI22HE
2022,HF,Household Finance,Adair Morse,adair morse,1,15,https://conference.nber.org/agenda/simple_printable?conf_id=SI22HF
2022,HF,Household Finance,Christopher Tonetti,christopher tonetti,1,15,https://conference.nber.org/agenda/simple_printable?conf_id=SI22HF
2022,HF,Household Finance,Stephen P. Zeldes,stephen p zeldes,1,15,https://conference.nber.org/agenda/simple_printable?conf_id=SI22HF
2022,IFMDS,IFM Data Sources,Galina Hale,galina hale,1,4,https://conference.nber.org/agenda/simple_printable?conf_id=SI22IFMDS
2022,IFMDS,IFM Data Sources,Michael W. Klein,michael w klein,1,4,https://conference.nber.org/agenda/simple_printable?conf_id=SI22IFMDS
2022,PRIT,IT and Digitization,Erik Brynjolfsson,erik brynjolfsson,1,28,https://conference.nber.org/agenda/simple_printable?conf_id=SI22PRIT
2022,PRIT,IT and Digitization,Avi Goldfarb,avi goldfarb,1,28,https://conference.nber.org/agenda/simple_printable?conf_id=SI22PRIT
2022,PRIT,IT and Digitization,Catherine Tucker,catherine tucker,1,28,https://conference.nber.org/agenda/simple_printable?conf_id=SI22PRIT
2022,IPM,Impulse and Propagation Mechanisms,Lawrence Christiano,lawrence christiano,1,20,https://conference.nber.org/agenda/simple_printable?conf_id=SI22EFCE
2022,IPM,Impulse and Propagation Mechanisms,Martin S. Eichenbaum,martin s eichenbaum,1,20,https://conference.nber.org/agenda/simple_printable?conf_id=SI22EFCE
2022,EFDIS,Income Distribution and Macroeconomics,Roland Bénabou,roland benabou,1,8,https://conference.nber.org/agenda/simple_printable?conf_id=SI22EFDIS
2022,EFDIS,Income Distribution and Macroeconomics,Raquel Fernández,raquel fernandez,1,8,https://conference.nber.org/agenda/simple_printable?conf_id=SI22EFDIS
2022,EFDIS,Income Distribution and Macroeconomics,Oded Galor,oded galor,1,8,https://conference.nber.org/agenda/simple_printable?conf_id=SI22EFDIS
2022,IO,Industrial Organization,Vivek Bhattacharya,vivek bhattacharya,1,13,https://conference.nber.org/agenda/simple_printable?conf_id=SI22IO
2022,IO,Industrial Organization,Michael Dinerstein,michael dinerstein,1,13,https://conference.nber.org/agenda/simple_printable?conf_id=SI22IO
2022,IO,Industrial Organization,Gautam Gowrisankaran,gautam gowrisankaran,1,13,https://conference.nber.org/agenda/simple_printable?conf_id=SI22IO
2022,IO,Industrial Organization,Joel Waldfogel,joel waldfogel,1,13,https://conference.nber.org/agenda/simple_printable?conf_id=SI22IO
2022,PRINN,Innovation,Adam B. Jaffe,adam b jaffe,1,11,https://conference.nber.org/agenda/simple_printable?conf_id=SI22PRINN
2022,PRINN,Innovation,Benjamin Jones,benjamin jones,1,11,https://conference.nber.org/agenda/simple_printable?conf_id=SI22PRINN
2022,PRINN,Innovation,Heidi L. Williams,heidi l williams,1,11,https://conference.nber.org/agenda/simple_printable?conf_id=SI22PRINN
2022,IFM,International Finance & Macroeconomics,Galina Hale,galina hale,1,12,https://conference.nber.org/agenda/simple_printable?conf_id=SI22IFM
2022,IFM,International Finance & Macroeconomics,Fabrizio Perri,fabrizio perri,1,12,https://conference.nber.org/agenda/simple_printable?conf_id=SI22IFM
2022,ITI,International Trade & Investment,Ina Simonovska,ina simonovska,1,15,https://conference.nber.org/agenda/simple_printable?conf_id=SI22ITI
2022,ITI,International Trade & Investment,Pablo D. Fajgelbaum,pablo d fajgelbaum,1,15,https://conference.nber.org/agenda/simple_printable?conf_id=SI22ITI
2022,ITM,International Trade & Macroeconomics,Andrei A. Levchenko,andrei a levchenko,1,4,https://conference.nber.org/agenda/simple_printable?conf_id=SI22ITM
2022,ITM,International Trade & Macroeconomics,Katheryn Russ,katheryn russ,1,4,https://conference.nber.org/agenda/simple_printable?conf_id=SI22ITM
2022,LS,Labor Studies,Amanda Y. Agan,amanda y agan,1,25,https://conference.nber.org/agenda/simple_printable?conf_id=SI22LS
2022,LS,Labor Studies,David Autor,david autor,1,25,https://conference.nber.org/agenda/simple_printable?conf_id=SI22LS
2022,LS,Labor Studies,Ellora Derenoncourt,ellora derenoncourt,1,25,https://conference.nber.org/agenda/simple_printable?conf_id=SI22LS
2022,LS,Labor Studies,Peter Hull,peter hull,1,25,https://conference.nber.org/agenda/simple_printable?conf_id=SI22LS
2022,LS,Labor Studies,Patrick M. Kline,patrick m kline,1,25,https://conference.nber.org/agenda/simple_printable?conf_id=SI22LS
2022,LS,Labor Studies,Alexandre Mas,alexandre mas,1,25,https://conference.nber.org/agenda/simple_printable?conf_id=SI22LS
2022,LS,Labor Studies,Raffaele Saggio,raffaele saggio,1,25,https://conference.nber.org/agenda/simple_printable?conf_id=SI22LS
2022,LS,Labor Studies,Zoë B. Cullen,zoe b cullen,1,25,https://conference.nber.org/agenda/simple_printable?conf_id=SI22LS
2022,LE,Law and Economics,Christine Jolls,christine jolls,1,11,https://conference.nber.org/agenda/simple_printable?conf_id=SI22LE
2022,EFMPL,Macro Perspectives,Philipp Kircher,philipp kircher,1,18,https://conference.nber.org/agenda/simple_printable?conf_id=SI22EFMPL
2022,EFMPL,Macro Perspectives,Guido Menzio,guido menzio,1,18,https://conference.nber.org/agenda/simple_printable?conf_id=SI22EFMPL
2022,EFMPL,Macro Perspectives,Giuseppe Moscarini,giuseppe moscarini,1,18,https://conference.nber.org/agenda/simple_printable?conf_id=SI22EFMPL
2022,MPF,Macro Public Finance,Dirk Krueger,dirk krueger,1,8,https://conference.nber.org/agenda/simple_printable?conf_id=SI22MPF
2022,MPF,Macro Public Finance,Florian Scheuer,florian scheuer,1,8,https://conference.nber.org/agenda/simple_printable?conf_id=SI22MPF
2022,MPF,Macro Public Finance,Stefanie Stantcheva,stefanie stantcheva,1,8,https://conference.nber.org/agenda/simple_printable?conf_id=SI22MPF
2022,MPF,Macro Public Finance,Aleh Tsyvinski,aleh tsyvinski,1,8,https://conference.nber.org/agenda/simple_printable?conf_id=SI22MPF
2022,EFMB,Macro Within and Across Borders,Mark A. Aguiar,mark a aguiar,1,6,https://conference.nber.org/agenda/simple_printable?conf_id=SI22EFMB
2022,EFMB,Macro Within and Across Borders,Cristina Arellano,cristina arellano,1,6,https://conference.nber.org/agenda/simple_printable?conf_id=SI22EFMB
2022,EFMB,Macro Within and Across Borders,Patrick J. Kehoe,patrick j kehoe,1,6,https://conference.nber.org/agenda/simple_printable?conf_id=SI22EFMB
2022,EFMB,Macro Within and Across Borders,Mark L.J. Wright,mark l j wright,1,6,https://conference.nber.org/agenda/simple_printable?conf_id=SI22EFMB
2022,MEFM,"Macro, Money and Financial Frictions",Markus K. Brunnermeier,markus k brunnermeier,1,9,https://conference.nber.org/agenda/simple_printable?conf_id=SI22MEFM
2022,MEFM,"Macro, Money and Financial Frictions",Arvind Krishnamurthy,arvind krishnamurthy,1,9,https://conference.nber.org/agenda/simple_printable?conf_id=SI22MEFM
2022,MEFM,"Macro, Money and Financial Frictions",Guillermo Ordoñez,guillermo ordonez,1,9,https://conference.nber.org/agenda/simple_printable?conf_id=SI22MEFM
2022,PRMP,Macroeconomics and Productivity,Susanto Basu,susanto basu,1,7,https://conference.nber.org/agenda/simple_printable?conf_id=SI22PRMP
2022,PRMP,Macroeconomics and Productivity,Nicholas Bloom,nicholas bloom,1,7,https://conference.nber.org/agenda/simple_printable?conf_id=SI22PRMP
2022,PRMP,Macroeconomics and Productivity,Raffaella Sadun,raffaella sadun,1,7,https://conference.nber.org/agenda/simple_printable?conf_id=SI22PRMP
2022,PRMP,Macroeconomics and Productivity,Chad Syverson,chad syverson,1,7,https://conference.nber.org/agenda/simple_printable?conf_id=SI22PRMP
2022,EFMM,Micro Data and Macro Models,Erik Hurst,erik hurst,1,16,https://conference.nber.org/agenda/simple_printable?conf_id=SI22EFMM
2022,EFMM,Micro Data and Macro Models,Greg Kaplan,greg kaplan,1,16,https://conference.nber.org/agenda/simple_printable?conf_id=SI22EFMM
2022,EFMM,Micro Data and Macro Models,Giovanni L. Violante,giovanni l violante,1,16,https://conference.nber.org/agenda/simple_printable?conf_id=SI22EFMM
2022,ME,Monetary Economics,Emi Nakamura,emi nakamura,1,16,https://conference.nber.org/agenda/simple_printable?conf_id=SI22ME
2022,ME,Monetary Economics,Jón Steinsson,jon steinsson,1,16,https://conference.nber.org/agenda/simple_printable?conf_id=SI22ME
2022,PPL,Personnel Economics,Mitchell Hoffman,mitchell hoffman,1,15,https://conference.nber.org/agenda/simple_printable?conf_id=SI22PPL
2022,PPL,Personnel Economics,Kathryn L. Shaw,kathryn l shaw,1,15,https://conference.nber.org/agenda/simple_printable?conf_id=SI22PPL
2022,PPL,Personnel Economics,Raffaella Sadun,raffaella sadun,1,15,https://conference.nber.org/agenda/simple_printable?conf_id=SI22PPL
2022,POL,Political Economy,Francesco Trebbi,francesco trebbi,1,11,https://conference.nber.org/agenda/simple_printable?conf_id=SI22POL
2022,POL,Political Economy,Ebonya L. Washington,ebonya l washington,1,11,https://conference.nber.org/agenda/simple_printable?conf_id=SI22POL
2022,PE,Public Economics,Michael C. Best,michael c best,1,11,https://conference.nber.org/agenda/simple_printable?conf_id=SI22PE
2022,PE,Public Economics,Eric Chyn,eric chyn,1,11,https://conference.nber.org/agenda/simple_printable?conf_id=SI22PE
2022,PE,Public Economics,Peter Ganong,peter ganong,1,11,https://conference.nber.org/agenda/simple_printable?conf_id=SI22PE
2022,PE,Public Economics,Dmitry Taubinsky,dmitry taubinsky,1,11,https://conference.nber.org/agenda/simple_printable?conf_id=SI22PE
2022,PE,Public Economics,Winnie van Dijk,winnie van dijk,1,11,https://conference.nber.org/agenda/simple_printable?conf_id=SI22PE
2022,REAL,Real Estate,Benjamin J. Keys,benjamin j keys,1,16,https://conference.nber.org/agenda/simple_printable?conf_id=SI22REAL
2022,REAL,Real Estate,Tomasz Piskorski,tomasz piskorski,1,16,https://conference.nber.org/agenda/simple_printable?conf_id=SI22REAL
2022,RISK,Risks of Financial Institutions,Mark Carey,mark carey,1,12,https://conference.nber.org/agenda/simple_printable?conf_id=SI22RISK
2022,RISK,Risks of Financial Institutions,René M. Stulz,rene m stulz,1,12,https://conference.nber.org/agenda/simple_printable?conf_id=SI22RISK
2022,SIP,Science of Science Funding,Paula Stephan,paula stephan,1,12,https://conference.nber.org/agenda/simple_printable?conf_id=SI22SF
2022,SIP,Science of Science Funding,Reinhilde Veugelers,reinhilde veugelers,1,12,https://conference.nber.org/agenda/simple_printable?conf_id=SI22SF
2022,URB,Urban Economics,Edward L. Glaeser,edward l glaeser,1,28,https://conference.nber.org/agenda/simple_printable?conf_id=SI22URB
2023,EFMPL,Aggregate Labor Market,Philipp Kircher,philipp kircher,1,18,https://conference.nber.org/agenda/simple_printable?conf_id=SI23EFMPL
2023,EFMPL,Aggregate Labor Market,Guido Menzio,guido menzio,1,18,https://conference.nber.org/agenda/simple_printable?conf_id=SI23EFMPL
2023,EFMPL,Aggregate Labor Market,Giuseppe Moscarini,giuseppe moscarini,1,18,https://conference.nber.org/agenda/simple_printable?conf_id=SI23EFMPL
2023,AG,Aging,David M. Cutler,david m cutler,1,12,https://conference.nber.org/agenda/simple_printable?conf_id=SI23AG
2023,AG,Aging,Kosali I. Simon,kosali i simon,1,12,https://conference.nber.org/agenda/simple_printable?conf_id=SI23AG
2023,AG,Aging,Jonathan S. Skinner,jonathan s skinner,1,12,https://conference.nber.org/agenda/simple_printable?conf_id=SI23AG
2023,AP,Asset Pricing,Ralph S. J. Koijen,ralph s j koijen,1,14,https://conference.nber.org/agenda/simple_printable?conf_id=SI23AP
2023,AP,Asset Pricing,Sydney C. Ludvigson,sydney c ludvigson,1,14,https://conference.nber.org/agenda/simple_printable?conf_id=SI23AP
2023,EFBEM,Behavioral Macro,Andrew Caplin,andrew caplin,1,6,https://conference.nber.org/agenda/simple_printable?conf_id=SI23EFBEM
2023,EFBEM,Behavioral Macro,Michael Woodford,michael woodford,1,6,https://conference.nber.org/agenda/simple_printable?conf_id=SI23EFBEM
2023,HPC,Big Data and High-Performance Computing,Toni Whited,toni whited,1,8,https://conference.nber.org/agenda/simple_printable?conf_id=SI23HPC
2023,HPC,Big Data and High-Performance Computing,Mao Ye,mao ye,1,8,https://conference.nber.org/agenda/simple_printable?conf_id=SI23HPC
2023,CRIWPC,CRIW Pre-Conference,Randall Akee,randall akee,0,,https://conference.nber.org/agenda/simple_printable?conf_id=SI23CRIWPC
2023,CRIWPC,CRIW Pre-Conference,Lawrence F. Katz,lawrence f katz,0,,https://conference.nber.org/agenda/simple_printable?conf_id=SI23CRIWPC
2023,CRIWPC,CRIW Pre-Conference,Mark Loewenstein,mark loewenstein,0,,https://conference.nber.org/agenda/simple_printable?conf_id=SI23CRIWPC
2023,CRIWPC,CRIW Pre-Conference,Kimberly Mehlman-Orozco,kimberly mehlman-orozco,0,,https://conference.nber.org/agenda/simple_printable?conf_id=SI23CRIWPC
2023,EFEL,Capital Markets and the Economy,Janice C. Eberly,janice c eberly,1,11,https://conference.nber.org/agenda/simple_printable?conf_id=SI23EFEL
2023,EFEL,Capital Markets and the Economy,Deborah J. Lucas,deborah j lucas,1,11,https://conference.nber.org/agenda/simple_printable?conf_id=SI23EFEL
2023,CH,Children,Janet Currie,janet currie,1,21,https://conference.nber.org/agenda/simple_printable?conf_id=SI23CH
2023,CH,Children,Anna Aizer,anna aizer,1,21,https://conference.nber.org/agenda/simple_printable?conf_id=SI23CH
2023,CRIW,Conference on Research in Income and Wealth,Katharine G. Abraham,katharine g abraham,1,16,https://conference.nber.org/agenda/simple_printable?conf_id=SI23PRCR
2023,CRIW,Conference on Research in Income and Wealth,Susanto Basu,susanto basu,1,16,https://conference.nber.org/agenda/simple_printable?conf_id=SI23PRCR
2023,CRIW,Conference on Research in Income and Wealth,David M. Byrne,david m byrne,1,16,https://conference.nber.org/agenda/simple_printable?conf_id=SI23PRCR
2023,CF,Corporate Finance,Antoinette Schoar,antoinette schoar,1,10,https://conference.nber.org/agenda/simple_printable?conf_id=SI23CF
2023,CF,Corporate Finance,Amir Sufi,amir sufi,1,10,https://conference.nber.org/agenda/simple_printable?conf_id=SI23CF
2023,DEV,Development Economics,Orazio Attanasio,orazio attanasio,1,19,https://conference.nber.org/agenda/simple_printable?conf_id=SI23DEV
2023,DEV,Development Economics,Emily Breza,emily breza,1,19,https://conference.nber.org/agenda/simple_printable?conf_id=SI23DEV
2023,DEV,Development Economics,Claudio Ferraz,claudio ferraz,1,19,https://conference.nber.org/agenda/simple_printable?conf_id=SI23DEV
2023,DEV,Development Economics,Rachel Glennerster,rachel glennerster,1,19,https://conference.nber.org/agenda/simple_printable?conf_id=SI23DEV
2023,DEV,Development Economics,Seema Jayachandran,seema jayachandran,1,19,https://conference.nber.org/agenda/simple_printable?conf_id=SI23DEV
2023,DEV,Development Economics,Jeremy Magruder,jeremy magruder,1,19,https://conference.nber.org/agenda/simple_printable?conf_id=SI23DEV
2023,DEV,Development Economics,Anant Nyshadham,anant nyshadham,1,19,https://conference.nber.org/agenda/simple_printable?conf_id=SI23DEV
2023,DEV,Development Economics,Leonard Wantchekon,leonard wantchekon,1,19,https://conference.nber.org/agenda/simple_printable?conf_id=SI23DEV
2023,DAE,Development of the American Economy,Katherine Eriksson,katherine eriksson,1,31,https://conference.nber.org/agenda/simple_printable?conf_id=SI23DAE
2023,DAE,Development of the American Economy,Martin Fiszbein,martin fiszbein,1,31,https://conference.nber.org/agenda/simple_printable?conf_id=SI23DAE
2023,DAE,Development of the American Economy,Joshua K. Hausman,joshua k hausman,1,31,https://conference.nber.org/agenda/simple_printable?conf_id=SI23DAE
2023,DAE,Development of the American Economy,Leah Platt Boustan,leah platt boustan,1,31,https://conference.nber.org/agenda/simple_printable?conf_id=SI23DAE
2023,DAE,Development of the American Economy,William J. Collins,william j collins,1,31,https://conference.nber.org/agenda/simple_printable?conf_id=SI23DAE
2023,PRIT,Digital Economics and Artificial Intelligence,Erik Brynjolfsson,erik brynjolfsson,1,23,https://conference.nber.org/agenda/simple_printable?conf_id=SI23PRIT
2023,PRIT,Digital Economics and Artificial Intelligence,Avi Goldfarb,avi goldfarb,1,23,https://conference.nber.org/agenda/simple_printable?conf_id=SI23PRIT
2023,PRIT,Digital Economics and Artificial Intelligence,Catherine Tucker,catherine tucker,1,23,https://conference.nber.org/agenda/simple_printable?conf_id=SI23PRIT
2023,DEM,Dynamic Equilibrium Models,S. Borağan Aruoba,s boragan aruoba,1,8,https://conference.nber.org/agenda/simple_printable?conf_id=SI23EFSF
2023,DEM,Dynamic Equilibrium Models,Jesús Fernández-Villaverde,jesus fernandez-villaverde,1,8,https://conference.nber.org/agenda/simple_printable?conf_id=SI23EFSF
2023,DEM,Dynamic Equilibrium Models,Frank Schorfheide,frank schorfheide,1,8,https://conference.nber.org/agenda/simple_printable?conf_id=SI23EFSF
2023,EFEG,EFG Program Meeting,Jennifer La'O,jennifer lao,1,6,https://conference.nber.org/agenda/simple_printable?conf_id=EFGs23
2023,EFEG,EFG Program Meeting,Giovanni L. Violante,giovanni l violante,1,6,https://conference.nber.org/agenda/simple_printable?conf_id=EFGs23
2023,EFG,Economic Growth,Ufuk Akcigit,ufuk akcigit,1,12,https://conference.nber.org/agenda/simple_printable?conf_id=SI23EFEG
2023,EFG,Economic Growth,Francisco J. Buera,francisco j buera,1,12,https://conference.nber.org/agenda/simple_printable?conf_id=SI23EFEG
2023,EFG,Economic Growth,David Lagakos,david lagakos,1,12,https://conference.nber.org/agenda/simple_printable?conf_id=SI23EFEG
2023,CRI,Economics of Crime,Jens Ludwig,jens ludwig,1,12,https://conference.nber.org/agenda/simple_printable?conf_id=SI23CRI
2023,CRI,Economics of Crime,Crystal Yang,crystal yang,1,12,https://conference.nber.org/agenda/simple_printable?conf_id=SI23CRI
2023,ED,Economics of Education,Caroline M. Hoxby,caroline m hoxby,1,8,https://conference.nber.org/agenda/simple_printable?conf_id=SI23ED
2023,EH,Economics of Health,Leila Agha,leila agha,1,14,https://conference.nber.org/agenda/simple_printable?conf_id=SI23EH
2023,EH,Economics of Health,Christopher S. Carpenter,christopher s carpenter,1,14,https://conference.nber.org/agenda/simple_printable?conf_id=SI23EH
2023,EH,Economics of Health,Laura Dague,laura dague,1,14,https://conference.nber.org/agenda/simple_printable?conf_id=SI23EH
2023,EH,Economics of Health,Amy Finkelstein,amy finkelstein,1,14,https://conference.nber.org/agenda/simple_printable?conf_id=SI23EH
2023,EH,Economics of Health,Benjamin R. Handel,benjamin r handel,1,14,https://conference.nber.org/agenda/simple_printable?conf_id=SI23EH
2023,EH,Economics of Health,Alex Hollingsworth,alex hollingsworth,1,14,https://conference.nber.org/agenda/simple_printable?conf_id=SI23EH
2023,PENS,Economics of National Security,Samuel Bazzi,samuel bazzi,1,7,https://conference.nber.org/agenda/simple_printable?conf_id=SI23PENS
2023,PENS,Economics of National Security,Eli Berman,eli berman,1,7,https://conference.nber.org/agenda/simple_printable?conf_id=SI23PENS
2023,PESS,Economics of Social Security,Manasi Deshpande,manasi deshpande,1,6,https://conference.nber.org/agenda/simple_printable?conf_id=SI23ESS
2023,PESS,Economics of Social Security,James M. Poterba,james m poterba,1,6,https://conference.nber.org/agenda/simple_printable?conf_id=SI23ESS
2023,ENT,Entrepreneurship,Yael Hochberg,yael hochberg,1,8,https://conference.nber.org/agenda/simple_printable?conf_id=SI23PRENT
2023,ENT,Entrepreneurship,Josh Lerner,josh lerner,1,8,https://conference.nber.org/agenda/simple_printable?conf_id=SI23PRENT
2023,ENT,Entrepreneurship,David T. Robinson,david t robinson,1,8,https://conference.nber.org/agenda/simple_printable?conf_id=SI23PRENT
2023,EEE,Environmental & Energy Economics,Tamma Carleton,tamma carleton,1,23,https://conference.nber.org/agenda/simple_printable?conf_id=SI23EEE
2023,EEE,Environmental & Energy Economics,Matthew Kotchen,matthew kotchen,1,23,https://conference.nber.org/agenda/simple_printable?conf_id=SI23EEE
2023,EFFE,Forecasting and Empirical Methods,Allan Timmermann,allan timmermann,1,16,https://conference.nber.org/agenda/simple_printable?conf_id=SI23EFFE
2023,EFFE,Forecasting and Empirical Methods,Jonathan H. Wright,jonathan h wright,1,16,https://conference.nber.org/agenda/simple_printable?conf_id=SI23EFFE
2023,GE,Gender in the Economy,Jessica Goldberg,jessica goldberg,1,14,https://conference.nber.org/agenda/simple_printable?conf_id=SI23GE
2023,GE,Gender in the Economy,Claudia Goldin,claudia goldin,1,14,https://conference.nber.org/agenda/simple_printable?conf_id=SI23GE
2023,GE,Gender in the Economy,Claudia Olivetti,claudia olivetti,1,14,https://conference.nber.org/agenda/simple_printable?conf_id=SI23GE
2023,GE,Gender in the Economy,Jessica Pan,jessica pan,1,14,https://conference.nber.org/agenda/simple_printable?conf_id=SI23GE
2023,GE,Gender in the Economy,Alessandra Voena,alessandra voena,1,14,https://conference.nber.org/agenda/simple_printable?conf_id=SI23GE
2023,HF,Household Finance,Adair Morse,adair morse,1,15,https://conference.nber.org/agenda/simple_printable?conf_id=SI23HF
2023,HF,Household Finance,Constantine Yannelis,constantine yannelis,1,15,https://conference.nber.org/agenda/simple_printable?conf_id=SI23HF
2023,HF,Household Finance,Stephen P. Zeldes,stephen p zeldes,1,15,https://conference.nber.org/agenda/simple_printable?conf_id=SI23HF
2023,IFMDS,IFM Data Session,Jesse Schreger,jesse schreger,1,5,https://conference.nber.org/agenda/simple_printable?conf_id=SI23IFMDS
2023,IFMDS,IFM Data Session,Chenzi Xu,chenzi xu,1,5,https://conference.nber.org/agenda/simple_printable?conf_id=SI23IFMDS
2023,IPM,Impulse and Propagation Mechanisms,Lawrence Christiano,lawrence christiano,1,20,https://conference.nber.org/agenda/simple_printable?conf_id=SI23EFCE
2023,IPM,Impulse and Propagation Mechanisms,Martin S. Eichenbaum,martin s eichenbaum,1,20,https://conference.nber.org/agenda/simple_printable?conf_id=SI23EFCE
2023,IO,Industrial Organization,Zach Y. Brown,zach y brown,1,14,https://conference.nber.org/agenda/simple_printable?conf_id=SI23IO
2023,IO,Industrial Organization,Liran Einav,liran einav,1,14,https://conference.nber.org/agenda/simple_printable?conf_id=SI23IO
2023,IO,Industrial Organization,Adam Kapor,adam kapor,1,14,https://conference.nber.org/agenda/simple_printable?conf_id=SI23IO
2023,IO,Industrial Organization,Amanda Starc,amanda starc,1,14,https://conference.nber.org/agenda/simple_printable?conf_id=SI23IO
2023,IO,Industrial Organization,Kevin R. Williams,kevin r williams,1,14,https://conference.nber.org/agenda/simple_printable?conf_id=SI23IO
2023,EFDIS,Inequality and the Macroeconomy,Roland Bénabou,roland benabou,1,12,https://conference.nber.org/agenda/simple_printable?conf_id=SI23EFDIS
2023,EFDIS,Inequality and the Macroeconomy,Raquel Fernández,raquel fernandez,1,12,https://conference.nber.org/agenda/simple_printable?conf_id=SI23EFDIS
2023,EFDIS,Inequality and the Macroeconomy,Jonathan Heathcote,jonathan heathcote,1,12,https://conference.nber.org/agenda/simple_printable?conf_id=SI23EFDIS
2023,PRINN,Innovation,Adam B. Jaffe,adam b jaffe,1,11,https://conference.nber.org/agenda/simple_printable?conf_id=SI23PRINN
2023,PRINN,Innovation,Benjamin Jones,benjamin jones,1,11,https://conference.nber.org/agenda/simple_printable?conf_id=SI23PRINN
2023,PRINN,Innovation,Heidi L. Williams,heidi l williams,1,11,https://conference.nber.org/agenda/simple_printable?conf_id=SI23PRINN
2023,IAP,International Asset Pricing,Karen K. Lewis,karen k lewis,1,9,https://conference.nber.org/agenda/simple_printable?conf_id=SI23IAP
2023,IAP,International Asset Pricing,Adrien Verdelhan,adrien verdelhan,1,9,https://conference.nber.org/agenda/simple_printable?conf_id=SI23IAP
2023,IFM,International Finance & Macroeconomics,Fabrizio Perri,fabrizio perri,1,11,https://conference.nber.org/agenda/simple_printable?conf_id=SI23IFM
2023,IFM,International Finance & Macroeconomics,Stephanie Schmitt-Grohé,stephanie schmitt-grohe,1,11,https://conference.nber.org/agenda/simple_printable?conf_id=SI23IFM
2023,ITI,International Trade & Investment,Oleg Itskhoki,oleg itskhoki,1,14,https://conference.nber.org/agenda/simple_printable?conf_id=SI23ITI
2023,ITI,International Trade & Investment,Ina Simonovska,ina simonovska,1,14,https://conference.nber.org/agenda/simple_printable?conf_id=SI23ITI
2023,ITM,International Trade & Macroeconomics,Javier Cravino,javier cravino,1,4,https://conference.nber.org/agenda/simple_printable?conf_id=SI23ITM
2023,ITM,International Trade & Macroeconomics,Katheryn Russ,katheryn russ,1,4,https://conference.nber.org/agenda/simple_printable?conf_id=SI23ITM
2023,LS,Labor Studies,David Autor,david autor,1,27,https://conference.nber.org/agenda/simple_printable?conf_id=SI23LS
2023,LS,Labor Studies,Rebecca Diamond,rebecca diamond,1,27,https://conference.nber.org/agenda/simple_printable?conf_id=SI23LS
2023,LS,Labor Studies,Patrick M. Kline,patrick m kline,1,27,https://conference.nber.org/agenda/simple_printable?conf_id=SI23LS
2023,LS,Labor Studies,Brian K. Kovak,brian k kovak,1,27,https://conference.nber.org/agenda/simple_printable?conf_id=SI23LS
2023,LS,Labor Studies,Alexandre Mas,alexandre mas,1,27,https://conference.nber.org/agenda/simple_printable?conf_id=SI23LS
2023,LS,Labor Studies,Melvin Stephens,melvin stephens,1,27,https://conference.nber.org/agenda/simple_printable?conf_id=SI23LS
2023,LS,Labor Studies,Lowell Taylor,lowell taylor,1,27,https://conference.nber.org/agenda/simple_printable?conf_id=SI23LS
2023,LS,Labor Studies,Winnie van Dijk,winnie van dijk,1,27,https://conference.nber.org/agenda/simple_printable?conf_id=SI23LS
2023,LE,Law and Economics,Christine Jolls,christine jolls,1,9,https://conference.nber.org/agenda/simple_printable?conf_id=SI23LE
2023,MPF,Macro Public Finance,Dirk Krueger,dirk krueger,1,8,https://conference.nber.org/agenda/simple_printable?conf_id=SI23MPF
2023,MPF,Macro Public Finance,Florian Scheuer,florian scheuer,1,8,https://conference.nber.org/agenda/simple_printable?conf_id=SI23MPF
2023,MPF,Macro Public Finance,Stefanie Stantcheva,stefanie stantcheva,1,8,https://conference.nber.org/agenda/simple_printable?conf_id=SI23MPF
2023,MPF,Macro Public Finance,Aleh Tsyvinski,aleh tsyvinski,1,8,https://conference.nber.org/agenda/simple_printable?conf_id=SI23MPF
2023,EFMB,Macro Within and Across Borders,Mark A. Aguiar,mark a aguiar,1,6,https://conference.nber.org/agenda/simple_printable?conf_id=SI23EFMB
2023,EFMB,Macro Within and Across Borders,Cristina Arellano,cristina arellano,1,6,https://conference.nber.org/agenda/simple_printable?conf_id=SI23EFMB
2023,EFMB,Macro Within and Across Borders,Patrick J. Kehoe,patrick j kehoe,1,6,https://conference.nber.org/agenda/simple_printable?conf_id=SI23EFMB
2023,EFMB,Macro Within and Across Borders,Mark L.J. Wright,mark l j wright,1,6,https://conference.nber.org/agenda/simple_printable?conf_id=SI23EFMB
2023,MEFM,"Macro, Money and Financial Frictions",Markus K. Brunnermeier,markus k brunnermeier,1,9,https://conference.nber.org/agenda/simple_printable?conf_id=SI23MEFM
2023,MEFM,"Macro, Money and Financial Frictions",Arvind Krishnamurthy,arvind krishnamurthy,1,9,https://conference.nber.org/agenda/simple_printable?conf_id=SI23MEFM
2023,MEFM,"Macro, Money and Financial Frictions",Guillermo Ordoñez,guillermo ordonez,1,9,https://conference.nber.org/agenda/simple_printable?conf_id=SI23MEFM
2023,PRMP,Macroeconomics and Productivity,Susanto Basu,susanto basu,1,7,https://conference.nber.org/agenda/simple_printable?conf_id=SI23PRMP
2023,PRMP,Macroeconomics and Productivity,Nicholas Bloom,nicholas bloom,1,7,https://conference.nber.org/agenda/simple_printable?conf_id=SI23PRMP
2023,PRMP,Macroeconomics and Productivity,Raffaella Sadun,raffaella sadun,1,7,https://conference.nber.org/agenda/simple_printable?conf_id=SI23PRMP
2023,PRMP,Macroeconomics and Productivity,Chad Syverson,chad syverson,1,7,https://conference.nber.org/agenda/simple_printable?conf_id=SI23PRMP
2023,EFMM,Micro Data and Macro Models,Erik Hurst,erik hurst,1,16,https://conference.nber.org/agenda/simple_printable?conf_id=SI23EFMM
2023,EFMM,Micro Data and Macro Models,Greg Kaplan,greg kaplan,1,16,https://conference.nber.org/agenda/simple_printable?conf_id=SI23EFMM
2023,EFMM,Micro Data and Macro Models,Giovanni L. Violante,giovanni l violante,1,16,https://conference.nber.org/agenda/simple_printable?conf_id=SI23EFMM
2023,ME,Monetary Economics,Emi Nakamura,emi nakamura,1,16,https://conference.nber.org/agenda/simple_printable?conf_id=SI23ME
2023,ME,Monetary Economics,Jón Steinsson,jon steinsson,1,16,https://conference.nber.org/agenda/simple_printable?conf_id=SI23ME
2023,PPL,Personnel Economics,Mitchell Hoffman,mitchell hoffman,1,15,https://conference.nber.org/agenda/simple_printable?conf_id=SI23PPL
2023,PPL,Personnel Economics,Christopher T. Stanton,christopher t stanton,1,15,https://conference.nber.org/agenda/simple_printable?conf_id=SI23PPL
2023,POL,Political Economy,Matilde Bombardini,matilde bombardini,1,12,https://conference.nber.org/agenda/simple_printable?conf_id=SI23POL
2023,POL,Political Economy,Ernesto Dal Bó,ernesto dal bo,1,12,https://conference.nber.org/agenda/simple_printable?conf_id=SI23POL
2023,POL,Political Economy,Suresh Naidu,suresh naidu,1,12,https://conference.nber.org/agenda/simple_printable?conf_id=SI23POL
2023,POL,Political Economy,Thomas R. Palfrey,thomas r palfrey,1,12,https://conference.nber.org/agenda/simple_printable?conf_id=SI23POL
2023,PE,Public Economics,Michael C. Best,michael c best,1,11,https://conference.nber.org/agenda/simple_printable?conf_id=SI23PE
2023,PE,Public Economics,Raj Chetty,raj chetty,1,11,https://conference.nber.org/agenda/simple_printable?conf_id=SI23PE
2023,PE,Public Economics,Eric Chyn,eric chyn,1,11,https://conference.nber.org/agenda/simple_printable?conf_id=SI23PE
2023,PE,Public Economics,Tatiana Homonoff,tatiana homonoff,1,11,https://conference.nber.org/agenda/simple_printable?conf_id=SI23PE
2023,PE,Public Economics,Maria Polyakova,maria polyakova,1,11,https://conference.nber.org/agenda/simple_printable?conf_id=SI23PE
2023,PE,Public Economics,Danny Yagan,danny yagan,1,11,https://conference.nber.org/agenda/simple_printable?conf_id=SI23PE
2023,REAL,Real Estate,Tomasz Piskorski,tomasz piskorski,1,17,https://conference.nber.org/agenda/simple_printable?conf_id=SI23REAL
2023,REAL,Real Estate,Maisy Wong,maisy wong,1,17,https://conference.nber.org/agenda/simple_printable?conf_id=SI23REAL
2023,RISK,Risks of Financial Institutions,Mark Carey,mark carey,1,8,https://conference.nber.org/agenda/simple_printable?conf_id=SI23RISK
2023,RISK,Risks of Financial Institutions,René M. Stulz,rene m stulz,1,8,https://conference.nber.org/agenda/simple_printable?conf_id=SI23RISK
2023,SIP,Science of Science Funding,Paula Stephan,paula stephan,1,10,https://conference.nber.org/agenda/simple_printable?conf_id=SI23SF
2023,SIP,Science of Science Funding,Reinhilde Veugelers,reinhilde veugelers,1,10,https://conference.nber.org/agenda/simple_printable?conf_id=SI23SF
2023,URB,Urban Economics,Edward L. Glaeser,edward l glaeser,1,24,https://conference.nber.org/agenda/simple_printable?conf_id=SI23URB
2024,EFMPL,Aggregate Labor Market,Philipp Kircher,philipp kircher,1,18,https://conference.nber.org/agenda/simple_printable?conf_id=SI24EFMPL
2024,EFMPL,Aggregate Labor Market,Guido Menzio,guido menzio,1,18,https://conference.nber.org/agenda/simple_printable?conf_id=SI24EFMPL
2024,EFMPL,Aggregate Labor Market,Giuseppe Moscarini,giuseppe moscarini,1,18,https://conference.nber.org/agenda/simple_printable?conf_id=SI24EFMPL
2024,AG,Aging,David M. Cutler,david m cutler,1,12,https://conference.nber.org/agenda/simple_printable?conf_id=SI24AG
2024,AG,Aging,Kosali I. Simon,kosali i simon,1,12,https://conference.nber.org/agenda/simple_printable?conf_id=SI24AG
2024,AG,Aging,Jonathan S. Skinner,jonathan s skinner,1,12,https://conference.nber.org/agenda/simple_printable?conf_id=SI24AG
2024,AP,Asset Pricing,Ralph S. J. Koijen,ralph s j koijen,1,16,https://conference.nber.org/agenda/simple_printable?conf_id=SI24AP
2024,AP,Asset Pricing,Sydney C. Ludvigson,sydney c ludvigson,1,16,https://conference.nber.org/agenda/simple_printable?conf_id=SI24AP
2024,EFBEM,Behavioral Macro,Andrew Caplin,andrew caplin,1,6,https://conference.nber.org/agenda/simple_printable?conf_id=SI24EFBEM
2024,EFBEM,Behavioral Macro,Ulrike Malmendier,ulrike malmendier,1,6,https://conference.nber.org/agenda/simple_printable?conf_id=SI24EFBEM
2024,HPC,Big Data and High-Performance Computing,Toni Whited,toni whited,1,9,https://conference.nber.org/agenda/simple_printable?conf_id=SI24HPC
2024,HPC,Big Data and High-Performance Computing,Mao Ye,mao ye,1,9,https://conference.nber.org/agenda/simple_printable?conf_id=SI24HPC
2024,CRIWPC,CRIW Pre-Conference,Susan N. Houseman,susan n houseman,0,,https://conference.nber.org/agenda/simple_printable?conf_id=SI24CRIWPC
2024,CRIWPC,CRIW Pre-Conference,Anne Polivka,anne polivka,0,,https://conference.nber.org/agenda/simple_printable?conf_id=SI24CRIWPC
2024,CRIWPC,CRIW Pre-Conference,Ayşegül Şahin,aysegul sahin,0,,https://conference.nber.org/agenda/simple_printable?conf_id=SI24CRIWPC
2024,EFEL,Capital Markets and the Economy,Janice C. Eberly,janice c eberly,1,12,https://conference.nber.org/agenda/simple_printable?conf_id=SI24EFEL
2024,EFEL,Capital Markets and the Economy,Deborah J. Lucas,deborah j lucas,1,12,https://conference.nber.org/agenda/simple_printable?conf_id=SI24EFEL
2024,CH,Children and Families,Janet Currie,janet currie,1,22,https://conference.nber.org/agenda/simple_printable?conf_id=SI24CH
2024,CH,Children and Families,Anna Aizer,anna aizer,1,22,https://conference.nber.org/agenda/simple_printable?conf_id=SI24CH
2024,CRIW,Conference on Research in Income and Wealth,Katharine G. Abraham,katharine g abraham,1,18,https://conference.nber.org/agenda/simple_printable?conf_id=SI24PRCR
2024,CRIW,Conference on Research in Income and Wealth,Susanto Basu,susanto basu,1,18,https://conference.nber.org/agenda/simple_printable?conf_id=SI24PRCR
2024,CRIW,Conference on Research in Income and Wealth,David M. Byrne,david m byrne,1,18,https://conference.nber.org/agenda/simple_printable?conf_id=SI24PRCR
2024,CF,Corporate Finance,Antoinette Schoar,antoinette schoar,1,12,https://conference.nber.org/agenda/simple_printable?conf_id=SI24CF
2024,CF,Corporate Finance,Amir Sufi,amir sufi,1,12,https://conference.nber.org/agenda/simple_printable?conf_id=SI24CF
2024,DEV,Development Economics,Shawn Cole,shawn cole,1,19,https://conference.nber.org/agenda/simple_printable?conf_id=SI24DEV
2024,DEV,Development Economics,Oeindrila Dube,oeindrila dube,1,19,https://conference.nber.org/agenda/simple_printable?conf_id=SI24DEV
2024,DEV,Development Economics,Andrew Foster,andrew foster,1,19,https://conference.nber.org/agenda/simple_printable?conf_id=SI24DEV
2024,DEV,Development Economics,Seema Jayachandran,seema jayachandran,1,19,https://conference.nber.org/agenda/simple_printable?conf_id=SI24DEV
2024,DEV,Development Economics,Supreet Kaur,supreet kaur,1,19,https://conference.nber.org/agenda/simple_printable?conf_id=SI24DEV
2024,DEV,Development Economics,Kaivan Munshi,kaivan munshi,1,19,https://conference.nber.org/agenda/simple_printable?conf_id=SI24DEV
2024,DEV,Development Economics,Daniel Xu,daniel xu,1,19,https://conference.nber.org/agenda/simple_printable?conf_id=SI24DEV
2024,DAE,Development of the American Economy,Martha J. Bailey,martha j bailey,1,31,https://conference.nber.org/agenda/simple_printable?conf_id=SI24DAE
2024,DAE,Development of the American Economy,Leah Platt Boustan,leah platt boustan,1,31,https://conference.nber.org/agenda/simple_printable?conf_id=SI24DAE
2024,DAE,Development of the American Economy,William J. Collins,william j collins,1,31,https://conference.nber.org/agenda/simple_printable?conf_id=SI24DAE
2024,DAE,Development of the American Economy,Joshua K. Hausman,joshua k hausman,1,31,https://conference.nber.org/agenda/simple_printable?conf_id=SI24DAE
2024,DAE,Development of the American Economy,Taylor Jaworski,taylor jaworski,1,31,https://conference.nber.org/agenda/simple_printable?conf_id=SI24DAE
2024,PRIT,Digital Economics and Artificial Intelligence,Erik Brynjolfsson,erik brynjolfsson,1,24,https://conference.nber.org/agenda/simple_printable?conf_id=SI24PRIT
2024,PRIT,Digital Economics and Artificial Intelligence,Avi Goldfarb,avi goldfarb,1,24,https://conference.nber.org/agenda/simple_printable?conf_id=SI24PRIT
2024,PRIT,Digital Economics and Artificial Intelligence,Catherine Tucker,catherine tucker,1,24,https://conference.nber.org/agenda/simple_printable?conf_id=SI24PRIT
2024,DEM,Dynamic Equilibrium Models,S. Borağan Aruoba,s boragan aruoba,1,8,https://conference.nber.org/agenda/simple_printable?conf_id=SI24EFSF
2024,DEM,Dynamic Equilibrium Models,Luigi Bocola,luigi bocola,1,8,https://conference.nber.org/agenda/simple_printable?conf_id=SI24EFSF
2024,DEM,Dynamic Equilibrium Models,Jesús Fernández-Villaverde,jesus fernandez-villaverde,1,8,https://conference.nber.org/agenda/simple_printable?conf_id=SI24EFSF
2024,DEM,Dynamic Equilibrium Models,Frank Schorfheide,frank schorfheide,1,8,https://conference.nber.org/agenda/simple_printable?conf_id=SI24EFSF
2024,DEM,Dynamic Equilibrium Models,Christian K. Wolf,christian k wolf,1,8,https://conference.nber.org/agenda/simple_printable?conf_id=SI24EFSF
2024,EFEG,EFG Program Meeting,Ellen McGrattan,ellen mcgrattan,1,6,https://conference.nber.org/agenda/simple_printable?conf_id=EFGs24
2024,EFEG,EFG Program Meeting,Ludwig Straub,ludwig straub,1,6,https://conference.nber.org/agenda/simple_printable?conf_id=EFGs24
2024,EFG,Economic Growth,Ufuk Akcigit,ufuk akcigit,1,12,https://conference.nber.org/agenda/simple_printable?conf_id=SI24EFEG
2024,EFG,Economic Growth,Francisco J. Buera,francisco j buera,1,12,https://conference.nber.org/agenda/simple_printable?conf_id=SI24EFEG
2024,EFG,Economic Growth,David Lagakos,david lagakos,1,12,https://conference.nber.org/agenda/simple_printable?conf_id=SI24EFEG
2024,CRI,Economics of Crime,Jens Ludwig,jens ludwig,1,12,https://conference.nber.org/agenda/simple_printable?conf_id=SI24CRI
2024,CRI,Economics of Crime,Crystal Yang,crystal yang,1,12,https://conference.nber.org/agenda/simple_printable?conf_id=SI24CRI
2024,ED,Economics of Education,Caroline M. Hoxby,caroline m hoxby,1,8,https://conference.nber.org/agenda/simple_printable?conf_id=SI24ED
2024,EH,Economics of Health,Christopher S. Carpenter,christopher s carpenter,1,16,https://conference.nber.org/agenda/simple_printable?conf_id=SI24EH
2024,EH,Economics of Health,Amy Finkelstein,amy finkelstein,1,16,https://conference.nber.org/agenda/simple_printable?conf_id=SI24EH
2024,EH,Economics of Health,Joshua D. Gottlieb,joshua d gottlieb,1,16,https://conference.nber.org/agenda/simple_printable?conf_id=SI24EH
2024,EH,Economics of Health,Timothy Layton,timothy layton,1,16,https://conference.nber.org/agenda/simple_printable?conf_id=SI24EH
2024,EH,Economics of Health,Mario Macis,mario macis,1,16,https://conference.nber.org/agenda/simple_printable?conf_id=SI24EH
2024,EH,Economics of Health,Analisa Packham,analisa packham,1,16,https://conference.nber.org/agenda/simple_printable?conf_id=SI24EH
2024,EH,Economics of Health,Maria Polyakova,maria polyakova,1,16,https://conference.nber.org/agenda/simple_printable?conf_id=SI24EH
2024,EH,Economics of Health,Barton Willage,barton willage,1,16,https://conference.nber.org/agenda/simple_printable?conf_id=SI24EH
2024,PESS,Economics of Social Security,Manasi Deshpande,manasi deshpande,1,7,https://conference.nber.org/agenda/simple_printable?conf_id=SI24ESS
2024,PESS,Economics of Social Security,James M. Poterba,james m poterba,1,7,https://conference.nber.org/agenda/simple_printable?conf_id=SI24ESS
2024,ENT,Entrepreneurship,Yael Hochberg,yael hochberg,1,8,https://conference.nber.org/agenda/simple_printable?conf_id=SI24PRENT
2024,ENT,Entrepreneurship,Josh Lerner,josh lerner,1,8,https://conference.nber.org/agenda/simple_printable?conf_id=SI24PRENT
2024,ENT,Entrepreneurship,David T. Robinson,david t robinson,1,8,https://conference.nber.org/agenda/simple_printable?conf_id=SI24PRENT
2024,EEE,Environmental & Energy Economics,Douglas Almond,douglas almond,1,20,https://conference.nber.org/agenda/simple_printable?conf_id=SI24EEE
2024,EEE,Environmental & Energy Economics,Ashley Langer,ashley langer,1,20,https://conference.nber.org/agenda/simple_printable?conf_id=SI24EEE
2024,EEE,Environmental & Energy Economics,Joseph S. Shapiro,joseph s shapiro,1,20,https://conference.nber.org/agenda/simple_printable?conf_id=SI24EEE
2024,EEE,Environmental & Energy Economics,Catherine Wolfram,catherine wolfram,1,20,https://conference.nber.org/agenda/simple_printable?conf_id=SI24EEE
2024,EFFE,Forecasting and Empirical Methods,Allan Timmermann,allan timmermann,1,16,https://conference.nber.org/agenda/simple_printable?conf_id=SI24EFFE
2024,EFFE,Forecasting and Empirical Methods,Jonathan H. Wright,jonathan h wright,1,16,https://conference.nber.org/agenda/simple_printable?conf_id=SI24EFFE
2024,GE,Gender in the Economy,Jessica Goldberg,jessica goldberg,1,17,https://conference.nber.org/agenda/simple_printable?conf_id=SI24GE
2024,GE,Gender in the Economy,Claudia Goldin,claudia goldin,1,17,https://conference.nber.org/agenda/simple_printable?conf_id=SI24GE
2024,GE,Gender in the Economy,Pamela Jakiela,pamela jakiela,1,17,https://conference.nber.org/agenda/simple_printable?conf_id=SI24GE
2024,GE,Gender in the Economy,Claudia Olivetti,claudia olivetti,1,17,https://conference.nber.org/agenda/simple_printable?conf_id=SI24GE
2024,GE,Gender in the Economy,Barbara Petrongolo,barbara petrongolo,1,17,https://conference.nber.org/agenda/simple_printable?conf_id=SI24GE
2024,HF,Household Finance,Paul Goldsmith-Pinkham,paul goldsmith-pinkham,1,16,https://conference.nber.org/agenda/simple_printable?conf_id=SI24HF
2024,HF,Household Finance,Adair Morse,adair morse,1,16,https://conference.nber.org/agenda/simple_printable?conf_id=SI24HF
2024,HF,Household Finance,Stephen P. Zeldes,stephen p zeldes,1,16,https://conference.nber.org/agenda/simple_printable?conf_id=SI24HF
2024,IFMDS,IFM Data Session,Jesse Schreger,jesse schreger,1,6,https://conference.nber.org/agenda/simple_printable?conf_id=SI24IFMDS
2024,IFMDS,IFM Data Session,Chenzi Xu,chenzi xu,1,6,https://conference.nber.org/agenda/simple_printable?conf_id=SI24IFMDS
2024,IPM,Impulse and Propagation Mechanisms,Lawrence Christiano,lawrence christiano,1,20,https://conference.nber.org/agenda/simple_printable?conf_id=SI24EFCE
2024,IPM,Impulse and Propagation Mechanisms,Martin S. Eichenbaum,martin s eichenbaum,1,20,https://conference.nber.org/agenda/simple_printable?conf_id=SI24EFCE
2024,IO,Industrial Organization,C. Lanier Benkard,c lanier benkard,1,11,https://conference.nber.org/agenda/simple_printable?conf_id=SI24IO
2024,IO,Industrial Organization,Tobias Salz,tobias salz,1,11,https://conference.nber.org/agenda/simple_printable?conf_id=SI24IO
2024,IO,Industrial Organization,Pietro Tebaldi,pietro tebaldi,1,11,https://conference.nber.org/agenda/simple_printable?conf_id=SI24IO
2024,IO,Industrial Organization,Daniel C. Waldinger,daniel c waldinger,1,11,https://conference.nber.org/agenda/simple_printable?conf_id=SI24IO
2024,EFDIS,Inequality and the Macroeconomy,Roland Bénabou,roland benabou,1,12,https://conference.nber.org/agenda/simple_printable?conf_id=SI24EFDIS
2024,EFDIS,Inequality and the Macroeconomy,Raquel Fernández,raquel fernandez,1,12,https://conference.nber.org/agenda/simple_printable?conf_id=SI24EFDIS
2024,EFDIS,Inequality and the Macroeconomy,Jonathan Heathcote,jonathan heathcote,1,12,https://conference.nber.org/agenda/simple_printable?conf_id=SI24EFDIS
2024,PRINN,Innovation,Adam B. Jaffe,adam b jaffe,1,11,https://conference.nber.org/agenda/simple_printable?conf_id=SI24PRINN
2024,PRINN,Innovation,Benjamin Jones,benjamin jones,1,11,https://conference.nber.org/agenda/simple_printable?conf_id=SI24PRINN
2024,PRINN,Innovation,Heidi L. Williams,heidi l williams,1,11,https://conference.nber.org/agenda/simple_printable?conf_id=SI24PRINN
2024,IEG,International Economics and Geopolitics,Matteo Maggiori,matteo maggiori,1,7,https://conference.nber.org/agenda/simple_printable?conf_id=SI24IEG
2024,IEG,International Economics and Geopolitics,Jesse Schreger,jesse schreger,1,7,https://conference.nber.org/agenda/simple_printable?conf_id=SI24IEG
2024,IFM,International Finance & Macroeconomics,Stephanie Schmitt-Grohé,stephanie schmitt-grohe,1,12,https://conference.nber.org/agenda/simple_printable?conf_id=SI24IFM
2024,IFM,International Finance & Macroeconomics,Pablo Ottonello,pablo ottonello,1,12,https://conference.nber.org/agenda/simple_printable?conf_id=SI24IFM
2024,ITI,International Trade & Investment,Cécile Gaubert,cecile gaubert,1,12,https://conference.nber.org/agenda/simple_printable?conf_id=SI24ITI
2024,ITI,International Trade & Investment,Oleg Itskhoki,oleg itskhoki,1,12,https://conference.nber.org/agenda/simple_printable?conf_id=SI24ITI
2024,ITM,International Trade & Macroeconomics,Yan Bai,yan bai,1,4,https://conference.nber.org/agenda/simple_printable?conf_id=SI24ITM
2024,ITM,International Trade & Macroeconomics,Javier Cravino,javier cravino,1,4,https://conference.nber.org/agenda/simple_printable?conf_id=SI24ITM
2024,LS,Labor Studies,David Autor,david autor,1,35,https://conference.nber.org/agenda/simple_printable?conf_id=SI24LS
2024,LS,Labor Studies,Sydnee Caldwell,sydnee caldwell,1,35,https://conference.nber.org/agenda/simple_printable?conf_id=SI24LS
2024,LS,Labor Studies,Andrew Garin,andrew garin,1,35,https://conference.nber.org/agenda/simple_printable?conf_id=SI24LS
2024,LS,Labor Studies,Patrick M. Kline,patrick m kline,1,35,https://conference.nber.org/agenda/simple_printable?conf_id=SI24LS
2024,LS,Labor Studies,Thibaut Lamadon,thibaut lamadon,1,35,https://conference.nber.org/agenda/simple_printable?conf_id=SI24LS
2024,LS,Labor Studies,Alexandre Mas,alexandre mas,1,35,https://conference.nber.org/agenda/simple_printable?conf_id=SI24LS
2024,LS,Labor Studies,Evan K. Rose,evan k rose,1,35,https://conference.nber.org/agenda/simple_printable?conf_id=SI24LS
2024,LS,Labor Studies,Melanie Wasserman,melanie wasserman,1,35,https://conference.nber.org/agenda/simple_printable?conf_id=SI24LS
2024,LE,Law and Economics,Christine Jolls,christine jolls,1,9,https://conference.nber.org/agenda/simple_printable?conf_id=SI24LE
2024,MPF,Macro Public Finance,Dirk Krueger,dirk krueger,1,8,https://conference.nber.org/agenda/simple_printable?conf_id=SI24MPF
2024,MPF,Macro Public Finance,Florian Scheuer,florian scheuer,1,8,https://conference.nber.org/agenda/simple_printable?conf_id=SI24MPF
2024,MPF,Macro Public Finance,Stefanie Stantcheva,stefanie stantcheva,1,8,https://conference.nber.org/agenda/simple_printable?conf_id=SI24MPF
2024,MPF,Macro Public Finance,Aleh Tsyvinski,aleh tsyvinski,1,8,https://conference.nber.org/agenda/simple_printable?conf_id=SI24MPF
2024,EFMB,Macro Within and Across Borders,Mark A. Aguiar,mark a aguiar,1,6,https://conference.nber.org/agenda/simple_printable?conf_id=SI24EFMB
2024,EFMB,Macro Within and Across Borders,Cristina Arellano,cristina arellano,1,6,https://conference.nber.org/agenda/simple_printable?conf_id=SI24EFMB
2024,EFMB,Macro Within and Across Borders,Patrick J. Kehoe,patrick j kehoe,1,6,https://conference.nber.org/agenda/simple_printable?conf_id=SI24EFMB
2024,EFMB,Macro Within and Across Borders,Mark L.J. Wright,mark l j wright,1,6,https://conference.nber.org/agenda/simple_printable?conf_id=SI24EFMB
2024,MEFM,"Macro, Money and Financial Frictions",Markus K. Brunnermeier,markus k brunnermeier,1,10,https://conference.nber.org/agenda/simple_printable?conf_id=SI24MEFM
2024,MEFM,"Macro, Money and Financial Frictions",Arvind Krishnamurthy,arvind krishnamurthy,1,10,https://conference.nber.org/agenda/simple_printable?conf_id=SI24MEFM
2024,MEFM,"Macro, Money and Financial Frictions",Guillermo Ordoñez,guillermo ordonez,1,10,https://conference.nber.org/agenda/simple_printable?conf_id=SI24MEFM
2024,PRMP,Macroeconomics and Productivity,Susanto Basu,susanto basu,1,7,https://conference.nber.org/agenda/simple_printable?conf_id=SI24PRMP
2024,PRMP,Macroeconomics and Productivity,Nicholas Bloom,nicholas bloom,1,7,https://conference.nber.org/agenda/simple_printable?conf_id=SI24PRMP
2024,PRMP,Macroeconomics and Productivity,Raffaella Sadun,raffaella sadun,1,7,https://conference.nber.org/agenda/simple_printable?conf_id=SI24PRMP
2024,PRMP,Macroeconomics and Productivity,Chad Syverson,chad syverson,1,7,https://conference.nber.org/agenda/simple_printable?conf_id=SI24PRMP
2024,EFMM,Micro Data and Macro Models,Erik Hurst,erik hurst,1,16,https://conference.nber.org/agenda/simple_printable?conf_id=SI24EFMM
2024,EFMM,Micro Data and Macro Models,Greg Kaplan,greg kaplan,1,16,https://conference.nber.org/agenda/simple_printable?conf_id=SI24EFMM
2024,EFMM,Micro Data and Macro Models,Giovanni L. Violante,giovanni l violante,1,16,https://conference.nber.org/agenda/simple_printable?conf_id=SI24EFMM
2024,ME,Monetary Economics,Emi Nakamura,emi nakamura,1,19,https://conference.nber.org/agenda/simple_printable?conf_id=SI24ME
2024,ME,Monetary Economics,Jón Steinsson,jon steinsson,1,19,https://conference.nber.org/agenda/simple_printable?conf_id=SI24ME
2024,PPL,Personnel Economics,Mitchell Hoffman,mitchell hoffman,1,14,https://conference.nber.org/agenda/simple_printable?conf_id=SI24PPL
2024,PPL,Personnel Economics,Lisa B. Kahn,lisa b kahn,1,14,https://conference.nber.org/agenda/simple_printable?conf_id=SI24PPL
2024,POL,Political Economy,Wioletta Dziuda,wioletta dziuda,1,12,https://conference.nber.org/agenda/simple_printable?conf_id=SI24POL
2024,POL,Political Economy,Georgy Egorov,georgy egorov,1,12,https://conference.nber.org/agenda/simple_printable?conf_id=SI24POL
2024,POL,Political Economy,Ilyana Kuziemko,ilyana kuziemko,1,12,https://conference.nber.org/agenda/simple_printable?conf_id=SI24POL
2024,POL,Political Economy,Guo Xu,guo xu,1,12,https://conference.nber.org/agenda/simple_printable?conf_id=SI24POL
2024,PE,Public Economics,Augustin Bergeron,augustin bergeron,1,11,https://conference.nber.org/agenda/simple_printable?conf_id=SI24PE
2024,PE,Public Economics,Raj Chetty,raj chetty,1,11,https://conference.nber.org/agenda/simple_printable?conf_id=SI24PE
2024,PE,Public Economics,Eric Chyn,eric chyn,1,11,https://conference.nber.org/agenda/simple_printable?conf_id=SI24PE
2024,PE,Public Economics,Benjamin B. Lockwood,benjamin b lockwood,1,11,https://conference.nber.org/agenda/simple_printable?conf_id=SI24PE
2024,PE,Public Economics,Maria Polyakova,maria polyakova,1,11,https://conference.nber.org/agenda/simple_printable?conf_id=SI24PE
2024,PE,Public Economics,Mathilde Muñoz,mathilde munoz,1,11,https://conference.nber.org/agenda/simple_printable?conf_id=SI24PE
2024,PE,Public Economics,Tatiana Homonoff,tatiana homonoff,1,11,https://conference.nber.org/agenda/simple_printable?conf_id=SI24PE
2024,REAL,Real Estate,Tomasz Piskorski,tomasz piskorski,1,17,https://conference.nber.org/agenda/simple_printable?conf_id=SI24REAL
2024,REAL,Real Estate,Benjamin J. Keys,benjamin j keys,1,17,https://conference.nber.org/agenda/simple_printable?conf_id=SI24REAL
2024,SIP,Science of Science Funding,Megan MacGarvie,megan macgarvie,1,16,https://conference.nber.org/agenda/simple_printable?conf_id=SI24SF
2024,SIP,Science of Science Funding,Paula Stephan,paula stephan,1,16,https://conference.nber.org/agenda/simple_printable?conf_id=SI24SF
2024,SIP,Science of Science Funding,Reinhilde Veugelers,reinhilde veugelers,1,16,https://conference.nber.org/agenda/simple_printable?conf_id=SI24SF
2024,URB,Urban Economics,Edward L. Glaeser,edward l glaeser,1,26,https://conference.nber.org/agenda/simple_printable?conf_id=SI24URB
2025,EFMPL,Aggregate Labor Market,Philipp Kircher,philipp kircher,1,18,https://conference.nber.org/agenda/simple_printable?conf_id=SI25EFMPL
2025,EFMPL,Aggregate Labor Market,Guido Menzio,guido menzio,1,18,https://conference.nber.org/agenda/simple_printable?conf_id=SI25EFMPL
2025,EFMPL,Aggregate Labor Market,Giuseppe Moscarini,giuseppe moscarini,1,18,https://conference.nber.org/agenda/simple_printable?conf_id=SI25EFMPL
2025,AG,Aging,David M. Cutler,david m cutler,1,12,https://conference.nber.org/agenda/simple_printable?conf_id=SI25AG
2025,AG,Aging,Kosali I. Simon,kosali i simon,1,12,https://conference.nber.org/agenda/simple_printable?conf_id=SI25AG
2025,AG,Aging,Jonathan S. Skinner,jonathan s skinner,1,12,https://conference.nber.org/agenda/simple_printable?conf_id=SI25AG
2025,AP,Asset Pricing,Ralph S. J. Koijen,ralph s j koijen,1,14,https://conference.nber.org/agenda/simple_printable?conf_id=SI25AP
2025,AP,Asset Pricing,Sydney C. Ludvigson,sydney c ludvigson,1,14,https://conference.nber.org/agenda/simple_printable?conf_id=SI25AP
2025,EFBEM,Behavioral Macro,Andrew Caplin,andrew caplin,1,6,https://conference.nber.org/agenda/simple_printable?conf_id=SI25EFBEM
2025,EFBEM,Behavioral Macro,Ulrike Malmendier,ulrike malmendier,1,6,https://conference.nber.org/agenda/simple_printable?conf_id=SI25EFBEM
2025,HPC,Big Data and High-Performance Computing,Toni Whited,toni whited,1,9,https://conference.nber.org/agenda/simple_printable?conf_id=SI25HPC
2025,HPC,Big Data and High-Performance Computing,Mao Ye,mao ye,1,9,https://conference.nber.org/agenda/simple_printable?conf_id=SI25HPC
2025,CRIWPC,CRIW Pre-Conference,Thesia Garner,thesia garner,0,,https://conference.nber.org/agenda/simple_printable?conf_id=SI25CRIWPC
2025,CRIWPC,CRIW Pre-Conference,Joseph Gyourko,joseph gyourko,0,,https://conference.nber.org/agenda/simple_printable?conf_id=SI25CRIWPC
2025,CRIWPC,CRIW Pre-Conference,Sonya Porter,sonya porter,0,,https://conference.nber.org/agenda/simple_printable?conf_id=SI25CRIWPC
2025,EFEL,Capital Markets and the Economy,Janice C. Eberly,janice c eberly,1,12,https://conference.nber.org/agenda/simple_printable?conf_id=SI25EFEL
2025,EFEL,Capital Markets and the Economy,Deborah J. Lucas,deborah j lucas,1,12,https://conference.nber.org/agenda/simple_printable?conf_id=SI25EFEL
2025,CH,Children and Families,Anna Aizer,anna aizer,1,24,https://conference.nber.org/agenda/simple_printable?conf_id=SI25CH
2025,CH,Children and Families,Janet Currie,janet currie,1,24,https://conference.nber.org/agenda/simple_printable?conf_id=SI25CH
2025,CRIW,Conference on Research in Income and Wealth,Susanto Basu,susanto basu,1,16,https://conference.nber.org/agenda/simple_printable?conf_id=SI25PRCR
2025,CRIW,Conference on Research in Income and Wealth,David M. Byrne,david m byrne,1,16,https://conference.nber.org/agenda/simple_printable?conf_id=SI25PRCR
2025,CRIW,Conference on Research in Income and Wealth,Karen Dynan,karen dynan,1,16,https://conference.nber.org/agenda/simple_printable?conf_id=SI25PRCR
2025,CF,Corporate Finance,Antoinette Schoar,antoinette schoar,1,12,https://conference.nber.org/agenda/simple_printable?conf_id=SI25CF
2025,CF,Corporate Finance,Amir Sufi,amir sufi,1,12,https://conference.nber.org/agenda/simple_printable?conf_id=SI25CF
2025,DEV,Development Economics,Arya Gaduh,arya gaduh,1,17,https://conference.nber.org/agenda/simple_printable?conf_id=SI25DEV
2025,DEV,Development Economics,Rema Hanna,rema hanna,1,17,https://conference.nber.org/agenda/simple_printable?conf_id=SI25DEV
2025,DEV,Development Economics,Seema Jayachandran,seema jayachandran,1,17,https://conference.nber.org/agenda/simple_printable?conf_id=SI25DEV
2025,DEV,Development Economics,Joseph P. Kaboski,joseph p kaboski,1,17,https://conference.nber.org/agenda/simple_printable?conf_id=SI25DEV
2025,DEV,Development Economics,Cynthia Kinnan,cynthia kinnan,1,17,https://conference.nber.org/agenda/simple_printable?conf_id=SI25DEV
2025,DEV,Development Economics,Ahmed Mushfiq Mobarak,ahmed mushfiq mobarak,1,17,https://conference.nber.org/agenda/simple_printable?conf_id=SI25DEV
2025,DEV,Development Economics,Gautam Rao,gautam rao,1,17,https://conference.nber.org/agenda/simple_printable?conf_id=SI25DEV
2025,DEV,Development Economics,Dean Yang,dean yang,1,17,https://conference.nber.org/agenda/simple_printable?conf_id=SI25DEV
2025,DAE,Development of the American Economy,Leah Platt Boustan,leah platt boustan,1,31,https://conference.nber.org/agenda/simple_printable?conf_id=SI25DAE
2025,DAE,Development of the American Economy,William J. Collins,william j collins,1,31,https://conference.nber.org/agenda/simple_printable?conf_id=SI25DAE
2025,DAE,Development of the American Economy,Shari Eli,shari eli,1,31,https://conference.nber.org/agenda/simple_printable?conf_id=SI25DAE
2025,DAE,Development of the American Economy,Eric Hilt,eric hilt,1,31,https://conference.nber.org/agenda/simple_printable?conf_id=SI25DAE
2025,DAE,Development of the American Economy,Taylor Jaworski,taylor jaworski,1,31,https://conference.nber.org/agenda/simple_printable?conf_id=SI25DAE
2025,PRIT,Digital Economics and Artificial Intelligence,Erik Brynjolfsson,erik brynjolfsson,1,25,https://conference.nber.org/agenda/simple_printable?conf_id=SI25PRIT
2025,PRIT,Digital Economics and Artificial Intelligence,Avi Goldfarb,avi goldfarb,1,25,https://conference.nber.org/agenda/simple_printable?conf_id=SI25PRIT
2025,PRIT,Digital Economics and Artificial Intelligence,Catherine Tucker,catherine tucker,1,25,https://conference.nber.org/agenda/simple_printable?conf_id=SI25PRIT
2025,DEM,Dynamic Equilibrium Models,S. Borağan Aruoba,s boragan aruoba,1,7,https://conference.nber.org/agenda/simple_printable?conf_id=SI25EFSF
2025,DEM,Dynamic Equilibrium Models,Luigi Bocola,luigi bocola,1,7,https://conference.nber.org/agenda/simple_printable?conf_id=SI25EFSF
2025,DEM,Dynamic Equilibrium Models,Jesús Fernández-Villaverde,jesus fernandez-villaverde,1,7,https://conference.nber.org/agenda/simple_printable?conf_id=SI25EFSF
2025,DEM,Dynamic Equilibrium Models,Christian K. Wolf,christian k wolf,1,7,https://conference.nber.org/agenda/simple_printable?conf_id=SI25EFSF
2025,EFEG,EFG Program Meeting,Yueran Ma,yueran ma,1,6,https://conference.nber.org/agenda/simple_printable?conf_id=SI25EFG
2025,EFEG,EFG Program Meeting,Michael Peters,michael peters,1,6,https://conference.nber.org/agenda/simple_printable?conf_id=SI25EFG
2025,EFG,Economic Growth,Ufuk Akcigit,ufuk akcigit,1,12,https://conference.nber.org/agenda/simple_printable?conf_id=SI25EFEG
2025,EFG,Economic Growth,Francisco J. Buera,francisco j buera,1,12,https://conference.nber.org/agenda/simple_printable?conf_id=SI25EFEG
2025,EFG,Economic Growth,David Lagakos,david lagakos,1,12,https://conference.nber.org/agenda/simple_printable?conf_id=SI25EFEG
2025,CRI,Economics of Crime,Jens Ludwig,jens ludwig,1,12,https://conference.nber.org/agenda/simple_printable?conf_id=SI25CRI
2025,CRI,Economics of Crime,Crystal Yang,crystal yang,1,12,https://conference.nber.org/agenda/simple_printable?conf_id=SI25CRI
2025,ED,Economics of Education,Caroline M. Hoxby,caroline m hoxby,1,8,https://conference.nber.org/agenda/simple_printable?conf_id=SI25ED
2025,EH,Economics of Health,Colleen Carey,colleen carey,1,17,https://conference.nber.org/agenda/simple_printable?conf_id=SI25EH
2025,EH,Economics of Health,Christopher S. Carpenter,christopher s carpenter,1,17,https://conference.nber.org/agenda/simple_printable?conf_id=SI25EH
2025,EH,Economics of Health,Paul J. Eliason,paul j eliason,1,17,https://conference.nber.org/agenda/simple_printable?conf_id=SI25EH
2025,EH,Economics of Health,Amy Finkelstein,amy finkelstein,1,17,https://conference.nber.org/agenda/simple_printable?conf_id=SI25EH
2025,EH,Economics of Health,Sarah Miller,sarah miller,1,17,https://conference.nber.org/agenda/simple_printable?conf_id=SI25EH
2025,EH,Economics of Health,Erik T. Nesson,erik t nesson,1,17,https://conference.nber.org/agenda/simple_printable?conf_id=SI25EH
2025,EH,Economics of Health,Adam Sacarny,adam sacarny,1,17,https://conference.nber.org/agenda/simple_printable?conf_id=SI25EH
2025,EH,Economics of Health,Meghan Skira,meghan skira,1,17,https://conference.nber.org/agenda/simple_printable?conf_id=SI25EH
2025,PESS,Economics of Social Security,Manasi Deshpande,manasi deshpande,1,6,https://conference.nber.org/agenda/simple_printable?conf_id=SI25ESS
2025,PESS,Economics of Social Security,James M. Poterba,james m poterba,1,6,https://conference.nber.org/agenda/simple_printable?conf_id=SI25ESS
2025,ENT,Entrepreneurship,Yael Hochberg,yael hochberg,1,8,https://conference.nber.org/agenda/simple_printable?conf_id=SI25PRENT
2025,ENT,Entrepreneurship,Josh Lerner,josh lerner,1,8,https://conference.nber.org/agenda/simple_printable?conf_id=SI25PRENT
2025,ENT,Entrepreneurship,David T. Robinson,david t robinson,1,8,https://conference.nber.org/agenda/simple_printable?conf_id=SI25PRENT
2025,EEE,Environmental & Energy Economics,Hannah Druckenmiller,hannah druckenmiller,1,18,https://conference.nber.org/agenda/simple_printable?conf_id=SI25EEE
2025,EEE,Environmental & Energy Economics,Meredith Fowlie,meredith fowlie,1,18,https://conference.nber.org/agenda/simple_printable?conf_id=SI25EEE
2025,EEE,Environmental & Energy Economics,Will Rafey,will rafey,1,18,https://conference.nber.org/agenda/simple_printable?conf_id=SI25EEE
2025,EEE,Environmental & Energy Economics,Nicholas Ryan,nicholas ryan,1,18,https://conference.nber.org/agenda/simple_printable?conf_id=SI25EEE
2025,EFFE,Forecasting and Empirical Methods,Allan Timmermann,allan timmermann,1,16,https://conference.nber.org/agenda/simple_printable?conf_id=SI25EFFE
2025,EFFE,Forecasting and Empirical Methods,Jonathan H. Wright,jonathan h wright,1,16,https://conference.nber.org/agenda/simple_printable?conf_id=SI25EFFE
2025,EM,Frontier Econometric Methods,Isaiah Andrews,isaiah andrews,1,6,https://conference.nber.org/agenda/simple_printable?conf_id=SI25EM
2025,EM,Frontier Econometric Methods,Susan Athey,susan athey,1,6,https://conference.nber.org/agenda/simple_printable?conf_id=SI25EM
2025,EM,Frontier Econometric Methods,Christopher R. Walters,christopher r walters,1,6,https://conference.nber.org/agenda/simple_printable?conf_id=SI25EM
2025,GE,Gender in the Economy,Marcella Alsan,marcella alsan,1,23,https://conference.nber.org/agenda/simple_printable?conf_id=SI25GE
2025,GE,Gender in the Economy,Jessica Goldberg,jessica goldberg,1,23,https://conference.nber.org/agenda/simple_printable?conf_id=SI25GE
2025,GE,Gender in the Economy,Claudia Goldin,claudia goldin,1,23,https://conference.nber.org/agenda/simple_printable?conf_id=SI25GE
2025,GE,Gender in the Economy,Claudia Olivetti,claudia olivetti,1,23,https://conference.nber.org/agenda/simple_printable?conf_id=SI25GE
2025,GE,Gender in the Economy,Melanie Wasserman,melanie wasserman,1,23,https://conference.nber.org/agenda/simple_printable?conf_id=SI25GE
2025,HF,Household Finance,Janet Gao,janet gao,1,16,https://conference.nber.org/agenda/simple_printable?conf_id=SI25HF
2025,HF,Household Finance,Adair Morse,adair morse,1,16,https://conference.nber.org/agenda/simple_printable?conf_id=SI25HF
2025,HF,Household Finance,Stephen P. Zeldes,stephen p zeldes,1,16,https://conference.nber.org/agenda/simple_printable?conf_id=SI25HF
2025,IFMDS,IFM Data Session,Jesse Schreger,jesse schreger,1,5,https://conference.nber.org/agenda/simple_printable?conf_id=SI25IFMDS
2025,IFMDS,IFM Data Session,Chenzi Xu,chenzi xu,1,5,https://conference.nber.org/agenda/simple_printable?conf_id=SI25IFMDS
2025,IPM,Impulse and Propagation Mechanisms,Lawrence Christiano,lawrence christiano,1,20,https://conference.nber.org/agenda/simple_printable?conf_id=SI25EFCE
2025,IPM,Impulse and Propagation Mechanisms,Martin S. Eichenbaum,martin s eichenbaum,1,20,https://conference.nber.org/agenda/simple_printable?conf_id=SI25EFCE
2025,IO,Industrial Organization,Milena Almagro,milena almagro,1,10,https://conference.nber.org/agenda/simple_printable?conf_id=SI25IO
2025,IO,Industrial Organization,Mert Demirer,mert demirer,1,10,https://conference.nber.org/agenda/simple_printable?conf_id=SI25IO
2025,IO,Industrial Organization,Liran Einav,liran einav,1,10,https://conference.nber.org/agenda/simple_printable?conf_id=SI25IO
2025,IO,Industrial Organization,Charles Hodgson,charles hodgson,1,10,https://conference.nber.org/agenda/simple_printable?conf_id=SI25IO
2025,IO,Industrial Organization,Stephen P. Ryan,stephen p ryan,1,10,https://conference.nber.org/agenda/simple_printable?conf_id=SI25IO
2025,EFDIS,Inequality and the Macroeconomy,Roland Bénabou,roland benabou,1,12,https://conference.nber.org/agenda/simple_printable?conf_id=SI25EFDIS
2025,EFDIS,Inequality and the Macroeconomy,Raquel Fernández,raquel fernandez,1,12,https://conference.nber.org/agenda/simple_printable?conf_id=SI25EFDIS
2025,EFDIS,Inequality and the Macroeconomy,Jonathan Heathcote,jonathan heathcote,1,12,https://conference.nber.org/agenda/simple_printable?conf_id=SI25EFDIS
2025,PRINN,Innovation,Adam B. Jaffe,adam b jaffe,1,11,https://conference.nber.org/agenda/simple_printable?conf_id=SI25PRINN
2025,PRINN,Innovation,Benjamin Jones,benjamin jones,1,11,https://conference.nber.org/agenda/simple_printable?conf_id=SI25PRINN
2025,PRINN,Innovation,Heidi L. Williams,heidi l williams,1,11,https://conference.nber.org/agenda/simple_printable?conf_id=SI25PRINN
2025,IAP,International Asset Pricing,Karen K. Lewis,karen k lewis,1,9,https://conference.nber.org/agenda/simple_printable?conf_id=SI25IAP
2025,IAP,International Asset Pricing,Adrien Verdelhan,adrien verdelhan,1,9,https://conference.nber.org/agenda/simple_printable?conf_id=SI25IAP
2025,IEG,International Economics and Geopolitics,Matteo Maggiori,matteo maggiori,1,7,https://conference.nber.org/agenda/simple_printable?conf_id=SI25IEG
2025,IEG,International Economics and Geopolitics,Jesse Schreger,jesse schreger,1,7,https://conference.nber.org/agenda/simple_printable?conf_id=SI25IEG
2025,IFM,International Finance & Macroeconomics,Pablo Ottonello,pablo ottonello,1,12,https://conference.nber.org/agenda/simple_printable?conf_id=SI25IFM
2025,IFM,International Finance & Macroeconomics,Vincenzo Quadrini,vincenzo quadrini,1,12,https://conference.nber.org/agenda/simple_printable?conf_id=SI25IFM
2025,ITI,International Trade & Investment,Treb Allen,treb allen,1,11,https://conference.nber.org/agenda/simple_printable?conf_id=SI25ITI
2025,ITI,International Trade & Investment,Cécile Gaubert,cecile gaubert,1,11,https://conference.nber.org/agenda/simple_printable?conf_id=SI25ITI
2025,ITM,International Trade & Macroeconomics,Yan Bai,yan bai,1,4,https://conference.nber.org/agenda/simple_printable?conf_id=SI25ITM
2025,ITM,International Trade & Macroeconomics,Michael E. Waugh,michael e waugh,1,4,https://conference.nber.org/agenda/simple_printable?conf_id=SI25ITM
2025,LS,Labor Studies,David Arnold,david arnold,1,27,https://conference.nber.org/agenda/simple_printable?conf_id=SI25LS
2025,LS,Labor Studies,David Autor,david autor,1,27,https://conference.nber.org/agenda/simple_printable?conf_id=SI25LS
2025,LS,Labor Studies,Zoë B. Cullen,zoe b cullen,1,27,https://conference.nber.org/agenda/simple_printable?conf_id=SI25LS
2025,LS,Labor Studies,Alessandra Fenizia,alessandra fenizia,1,27,https://conference.nber.org/agenda/simple_printable?conf_id=SI25LS
2025,LS,Labor Studies,Matthew S. Johnson,matthew s johnson,1,27,https://conference.nber.org/agenda/simple_printable?conf_id=SI25LS
2025,LS,Labor Studies,Kurt J. Lavetti,kurt j lavetti,1,27,https://conference.nber.org/agenda/simple_printable?conf_id=SI25LS
2025,LS,Labor Studies,Alexandre Mas,alexandre mas,1,27,https://conference.nber.org/agenda/simple_printable?conf_id=SI25LS
2025,LS,Labor Studies,Pascual Restrepo,pascual restrepo,1,27,https://conference.nber.org/agenda/simple_printable?conf_id=SI25LS
2025,LS,Labor Studies,Nina Roussille,nina roussille,1,27,https://conference.nber.org/agenda/simple_printable?conf_id=SI25LS
2025,LE,Law and Economics,Christine Jolls,christine jolls,1,9,https://conference.nber.org/agenda/simple_printable?conf_id=SI25LE
2025,MPF,Macro Public Finance,Dirk Krueger,dirk krueger,1,8,https://conference.nber.org/agenda/simple_printable?conf_id=SI25MPF
2025,MPF,Macro Public Finance,Florian Scheuer,florian scheuer,1,8,https://conference.nber.org/agenda/simple_printable?conf_id=SI25MPF
2025,MPF,Macro Public Finance,Stefanie Stantcheva,stefanie stantcheva,1,8,https://conference.nber.org/agenda/simple_printable?conf_id=SI25MPF
2025,MPF,Macro Public Finance,Aleh Tsyvinski,aleh tsyvinski,1,8,https://conference.nber.org/agenda/simple_printable?conf_id=SI25MPF
2025,EFMB,Macro Within and Across Borders,Mark A. Aguiar,mark a aguiar,1,6,https://conference.nber.org/agenda/simple_printable?conf_id=SI25EFMB
2025,EFMB,Macro Within and Across Borders,Cristina Arellano,cristina arellano,1,6,https://conference.nber.org/agenda/simple_printable?conf_id=SI25EFMB
2025,EFMB,Macro Within and Across Borders,Patrick J. Kehoe,patrick j kehoe,1,6,https://conference.nber.org/agenda/simple_printable?conf_id=SI25EFMB
2025,EFMB,Macro Within and Across Borders,Mark L.J. Wright,mark l j wright,1,6,https://conference.nber.org/agenda/simple_printable?conf_id=SI25EFMB
2025,MEFM,"Macro, Money and Financial Frictions",Markus K. Brunnermeier,markus k brunnermeier,1,9,https://conference.nber.org/agenda/simple_printable?conf_id=SI25MEFM
2025,MEFM,"Macro, Money and Financial Frictions",Arvind Krishnamurthy,arvind krishnamurthy,1,9,https://conference.nber.org/agenda/simple_printable?conf_id=SI25MEFM
2025,MEFM,"Macro, Money and Financial Frictions",Guillermo Ordoñez,guillermo ordonez,1,9,https://conference.nber.org/agenda/simple_printable?conf_id=SI25MEFM
2025,PRMP,Macroeconomics and Productivity,Susanto Basu,susanto basu,1,8,https://conference.nber.org/agenda/simple_printable?conf_id=SI25PRMP
2025,PRMP,Macroeconomics and Productivity,Nicholas Bloom,nicholas bloom,1,8,https://conference.nber.org/agenda/simple_printable?conf_id=SI25PRMP
2025,PRMP,Macroeconomics and Productivity,Raffaella Sadun,raffaella sadun,1,8,https://conference.nber.org/agenda/simple_printable?conf_id=SI25PRMP
2025,PRMP,Macroeconomics and Productivity,Chad Syverson,chad syverson,1,8,https://conference.nber.org/agenda/simple_printable?conf_id=SI25PRMP
2025,EFMM,Micro Data and Macro Models,Erik Hurst,erik hurst,1,16,https://conference.nber.org/agenda/simple_printable?conf_id=SI25EFMM
2025,EFMM,Micro Data and Macro Models,Greg Kaplan,greg kaplan,1,16,https://conference.nber.org/agenda/simple_printable?conf_id=SI25EFMM
2025,EFMM,Micro Data and Macro Models,Giovanni L. Violante,giovanni l violante,1,16,https://conference.nber.org/agenda/simple_printable?conf_id=SI25EFMM
2025,ME,Monetary Economics,Emi Nakamura,emi nakamura,1,19,https://conference.nber.org/agenda/simple_printable?conf_id=SI25ME
2025,ME,Monetary Economics,Jón Steinsson,jon steinsson,1,19,https://conference.nber.org/agenda/simple_printable?conf_id=SI25ME
2025,PPL,Personnel Economics,Mitchell Hoffman,mitchell hoffman,1,16,https://conference.nber.org/agenda/simple_printable?conf_id=SI25PPL
2025,PPL,Personnel Economics,Fabian Lange,fabian lange,1,16,https://conference.nber.org/agenda/simple_printable?conf_id=SI25PPL
2025,POL,Political Economy,Filipe R. Campante,filipe r campante,1,12,https://conference.nber.org/agenda/simple_printable?conf_id=SI25POL
2025,POL,Political Economy,Karam Kang,karam kang,1,12,https://conference.nber.org/agenda/simple_printable?conf_id=SI25POL
2025,POL,Political Economy,Nancy Qian,nancy qian,1,12,https://conference.nber.org/agenda/simple_printable?conf_id=SI25POL
2025,POL,Political Economy,Romain Wacziarg,romain wacziarg,1,12,https://conference.nber.org/agenda/simple_printable?conf_id=SI25POL
2025,PE,Public Economics,Raj Chetty,raj chetty,1,11,https://conference.nber.org/agenda/simple_printable?conf_id=SI25PE
2025,PE,Public Economics,Itzik Fadlon,itzik fadlon,1,11,https://conference.nber.org/agenda/simple_printable?conf_id=SI25PE
2025,PE,Public Economics,Tatiana Homonoff,tatiana homonoff,1,11,https://conference.nber.org/agenda/simple_printable?conf_id=SI25PE
2025,PE,Public Economics,Benjamin B. Lockwood,benjamin b lockwood,1,11,https://conference.nber.org/agenda/simple_printable?conf_id=SI25PE
2025,PE,Public Economics,Mathilde Muñoz,mathilde munoz,1,11,https://conference.nber.org/agenda/simple_printable?conf_id=SI25PE
2025,PE,Public Economics,Maria Polyakova,maria polyakova,1,11,https://conference.nber.org/agenda/simple_printable?conf_id=SI25PE
2025,REAL,Real Estate,Christopher Palmer,christopher palmer,1,18,https://conference.nber.org/agenda/simple_printable?conf_id=SI25REAL
2025,REAL,Real Estate,Tomasz Piskorski,tomasz piskorski,1,18,https://conference.nber.org/agenda/simple_printable?conf_id=SI25REAL
2025,REAL,Real Estate,Winnie van Dijk,winnie van dijk,1,18,https://conference.nber.org/agenda/simple_printable?conf_id=SI25REAL
2025,REAL,Real Estate,Maisy Wong,maisy wong,1,18,https://conference.nber.org/agenda/simple_printable?conf_id=SI25REAL
2025,SIP,Science of Science Funding,Megan MacGarvie,megan macgarvie,1,14,https://conference.nber.org/agenda/simple_printable?conf_id=SI25SF
2025,SIP,Science of Science Funding,Paula Stephan,paula stephan,1,14,https://conference.nber.org/agenda/simple_printable?conf_id=SI25SF
2025,SIP,Science of Science Funding,Reinhilde Veugelers,reinhilde veugelers,1,14,https://conference.nber.org/agenda/simple_printable?conf_id=SI25SF
2025,URB,Urban Economics,Rebecca Diamond,rebecca diamond,1,26,https://conference.nber.org/agenda/simple_printable?conf_id=SI25URB
2025,URB,Urban Economics,Jonathan I. Dingel,jonathan i dingel,1,26,https://conference.nber.org/agenda/simple_printable?conf_id=SI25URB
2025,URB,Urban Economics,Edward L. Glaeser,edward l glaeser,1,26,https://conference.nber.org/agenda/simple_printable?conf_id=SI25URB
2026,EFMPL,Aggregate Labor Market,Philipp Kircher,philipp kircher,1,18,https://conference.nber.org/agenda/simple_printable?conf_id=SI26EFMPL
2026,EFMPL,Aggregate Labor Market,Guido Menzio,guido menzio,1,18,https://conference.nber.org/agenda/simple_printable?conf_id=SI26EFMPL
2026,EFMPL,Aggregate Labor Market,Giuseppe Moscarini,giuseppe moscarini,1,18,https://conference.nber.org/agenda/simple_printable?conf_id=SI26EFMPL
2026,AG,Aging,David M. Cutler,david m cutler,1,17,https://conference.nber.org/agenda/simple_printable?conf_id=SI26AG
2026,AG,Aging,Kosali I. Simon,kosali i simon,1,17,https://conference.nber.org/agenda/simple_printable?conf_id=SI26AG
2026,AG,Aging,Jonathan S. Skinner,jonathan s skinner,1,17,https://conference.nber.org/agenda/simple_printable?conf_id=SI26AG
2026,AP,Asset Pricing,Andrea L. Eisfeldt,andrea l eisfeldt,1,14,https://conference.nber.org/agenda/simple_printable?conf_id=SI26AP
2026,AP,Asset Pricing,Sydney C. Ludvigson,sydney c ludvigson,1,14,https://conference.nber.org/agenda/simple_printable?conf_id=SI26AP
2026,EFBEM,Behavioral Macro,Andrew Caplin,andrew caplin,1,6,https://conference.nber.org/agenda/simple_printable?conf_id=SI26EFBEM
2026,EFBEM,Behavioral Macro,Ulrike Malmendier,ulrike malmendier,1,6,https://conference.nber.org/agenda/simple_printable?conf_id=SI26EFBEM
2026,EFEL,Capital Markets and the Economy,Janice C. Eberly,janice c eberly,1,12,https://conference.nber.org/agenda/simple_printable?conf_id=SI26EFEL
2026,EFEL,Capital Markets and the Economy,Deborah J. Lucas,deborah j lucas,1,12,https://conference.nber.org/agenda/simple_printable?conf_id=SI26EFEL
2026,CH,Children and Families,Anna Aizer,anna aizer,1,24,https://conference.nber.org/agenda/simple_printable?conf_id=SI26CH
2026,CH,Children and Families,Janet Currie,janet currie,1,24,https://conference.nber.org/agenda/simple_printable?conf_id=SI26CH
2026,CRIW,Conference on Research in Income and Wealth,Susanto Basu,susanto basu,1,16,https://conference.nber.org/agenda/simple_printable?conf_id=SI26PRCR
2026,CRIW,Conference on Research in Income and Wealth,David M. Byrne,david m byrne,1,16,https://conference.nber.org/agenda/simple_printable?conf_id=SI26PRCR
2026,CRIW,Conference on Research in Income and Wealth,Karen Dynan,karen dynan,1,16,https://conference.nber.org/agenda/simple_printable?conf_id=SI26PRCR
2026,CF,Corporate Finance,Antoinette Schoar,antoinette schoar,1,12,https://conference.nber.org/agenda/simple_printable?conf_id=SI26CF
2026,CF,Corporate Finance,Amir Sufi,amir sufi,1,12,https://conference.nber.org/agenda/simple_printable?conf_id=SI26CF
2026,DEV,Development Economics,Vittorio Bassi,vittorio bassi,1,17,https://conference.nber.org/agenda/simple_printable?conf_id=SI26DEV
2026,DEV,Development Economics,Jing Cai,jing cai,1,17,https://conference.nber.org/agenda/simple_printable?conf_id=SI26DEV
2026,DEV,Development Economics,Eric V. Edmonds,eric v edmonds,1,17,https://conference.nber.org/agenda/simple_printable?conf_id=SI26DEV
2026,DEV,Development Economics,Frederico Finan,frederico finan,1,17,https://conference.nber.org/agenda/simple_printable?conf_id=SI26DEV
2026,DEV,Development Economics,Douglas Gollin,douglas gollin,1,17,https://conference.nber.org/agenda/simple_printable?conf_id=SI26DEV
2026,DEV,Development Economics,Seema Jayachandran,seema jayachandran,1,17,https://conference.nber.org/agenda/simple_printable?conf_id=SI26DEV
2026,DEV,Development Economics,Melanie Morten,melanie morten,1,17,https://conference.nber.org/agenda/simple_printable?conf_id=SI26DEV
2026,DEV,Development Economics,Sandip Sukhtankar,sandip sukhtankar,1,17,https://conference.nber.org/agenda/simple_printable?conf_id=SI26DEV
2026,DAE,Development of the American Economy,Leah Platt Boustan,leah platt boustan,1,31,https://conference.nber.org/agenda/simple_printable?conf_id=SI26DAE
2026,DAE,Development of the American Economy,William J. Collins,william j collins,1,31,https://conference.nber.org/agenda/simple_printable?conf_id=SI26DAE
2026,DAE,Development of the American Economy,Shari Eli,shari eli,1,31,https://conference.nber.org/agenda/simple_printable?conf_id=SI26DAE
2026,DAE,Development of the American Economy,James J. Feigenbaum,james j feigenbaum,1,31,https://conference.nber.org/agenda/simple_printable?conf_id=SI26DAE
2026,DAE,Development of the American Economy,Eric Hilt,eric hilt,1,31,https://conference.nber.org/agenda/simple_printable?conf_id=SI26DAE
2026,PRIT,Digital Economics and Artificial Intelligence,Erik Brynjolfsson,erik brynjolfsson,1,28,https://conference.nber.org/agenda/simple_printable?conf_id=SI26PRIT
2026,PRIT,Digital Economics and Artificial Intelligence,Avi Goldfarb,avi goldfarb,1,28,https://conference.nber.org/agenda/simple_printable?conf_id=SI26PRIT
2026,PRIT,Digital Economics and Artificial Intelligence,Catherine Tucker,catherine tucker,1,28,https://conference.nber.org/agenda/simple_printable?conf_id=SI26PRIT
2026,DEM,Dynamic Equilibrium Models,S. Borağan Aruoba,s boragan aruoba,1,9,https://conference.nber.org/agenda/simple_printable?conf_id=SI26EFSF
2026,DEM,Dynamic Equilibrium Models,Luigi Bocola,luigi bocola,1,9,https://conference.nber.org/agenda/simple_printable?conf_id=SI26EFSF
2026,DEM,Dynamic Equilibrium Models,Jesús Fernández-Villaverde,jesus fernandez-villaverde,1,9,https://conference.nber.org/agenda/simple_printable?conf_id=SI26EFSF
2026,DEM,Dynamic Equilibrium Models,Christian K. Wolf,christian k wolf,1,9,https://conference.nber.org/agenda/simple_printable?conf_id=SI26EFSF
2026,EFEG,EFG Program Meeting,Mark Gertler,mark gertler,1,12,https://conference.nber.org/agenda/simple_printable?conf_id=SI26EFG
2026,EFEG,EFG Program Meeting,Peter J. Klenow,peter j klenow,1,12,https://conference.nber.org/agenda/simple_printable?conf_id=SI26EFG
2026,EFG,Economic Growth and Long-Run Macroeconomic Development,Michael Peters,michael peters,1,12,https://conference.nber.org/agenda/simple_printable?conf_id=SI26EFEG
2026,EFG,Economic Growth and Long-Run Macroeconomic Development,Tommaso Porzio,tommaso porzio,1,12,https://conference.nber.org/agenda/simple_printable?conf_id=SI26EFEG
2026,EFG,Economic Growth and Long-Run Macroeconomic Development,Pascual Restrepo,pascual restrepo,1,12,https://conference.nber.org/agenda/simple_printable?conf_id=SI26EFEG
2026,CRI,Economics of Crime,Jens Ludwig,jens ludwig,1,12,https://conference.nber.org/agenda/simple_printable?conf_id=SI26CRI
2026,CRI,Economics of Crime,Crystal Yang,crystal yang,1,12,https://conference.nber.org/agenda/simple_printable?conf_id=SI26CRI
2026,ED,Economics of Education,Caroline M. Hoxby,caroline m hoxby,1,9,https://conference.nber.org/agenda/simple_printable?conf_id=SI26ED
2026,EH,Economics of Health,Abby E. Alpert,abby e alpert,1,18,https://conference.nber.org/agenda/simple_printable?conf_id=SI26EH
2026,EH,Economics of Health,Marika Cabral,marika cabral,1,18,https://conference.nber.org/agenda/simple_printable?conf_id=SI26EH
2026,EH,Economics of Health,Christopher S. Carpenter,christopher s carpenter,1,18,https://conference.nber.org/agenda/simple_printable?conf_id=SI26EH
2026,EH,Economics of Health,Amy Finkelstein,amy finkelstein,1,18,https://conference.nber.org/agenda/simple_printable?conf_id=SI26EH
2026,EH,Economics of Health,Atul Gupta,atul gupta,1,18,https://conference.nber.org/agenda/simple_printable?conf_id=SI26EH
2026,EH,Economics of Health,Petra Persson,petra persson,1,18,https://conference.nber.org/agenda/simple_printable?conf_id=SI26EH
2026,EH,Economics of Health,Michael R. Richards,michael r richards,1,18,https://conference.nber.org/agenda/simple_printable?conf_id=SI26EH
2026,EH,Economics of Health,Molly Schnell,molly schnell,1,18,https://conference.nber.org/agenda/simple_printable?conf_id=SI26EH
2026,PESS,Economics of Social Security,Manasi Deshpande,manasi deshpande,1,8,https://conference.nber.org/agenda/simple_printable?conf_id=SI26ESS
2026,PESS,Economics of Social Security,James M. Poterba,james m poterba,1,8,https://conference.nber.org/agenda/simple_printable?conf_id=SI26ESS
2026,ENT,Entrepreneurship,Yael Hochberg,yael hochberg,1,8,https://conference.nber.org/agenda/simple_printable?conf_id=SI26PRENT
2026,ENT,Entrepreneurship,Josh Lerner,josh lerner,1,8,https://conference.nber.org/agenda/simple_printable?conf_id=SI26PRENT
2026,ENT,Entrepreneurship,David T. Robinson,david t robinson,1,8,https://conference.nber.org/agenda/simple_printable?conf_id=SI26PRENT
2026,EEE,Environmental & Energy Economics,Lint Barrage,lint barrage,1,17,https://conference.nber.org/agenda/simple_printable?conf_id=SI26EEE
2026,EEE,Environmental & Energy Economics,Ryan Kellogg,ryan kellogg,1,17,https://conference.nber.org/agenda/simple_printable?conf_id=SI26EEE
2026,EEE,Environmental & Energy Economics,Anna Russo,anna russo,1,17,https://conference.nber.org/agenda/simple_printable?conf_id=SI26EEE
2026,EEE,Environmental & Energy Economics,Wolfram Schlenker,wolfram schlenker,1,17,https://conference.nber.org/agenda/simple_printable?conf_id=SI26EEE
2026,FMS,Financial Market Structure,Tarun Chordia,tarun chordia,1,6,https://conference.nber.org/agenda/simple_printable?conf_id=SI26HPC
2026,FMS,Financial Market Structure,Paolo Pasquariello,paolo pasquariello,1,6,https://conference.nber.org/agenda/simple_printable?conf_id=SI26HPC
2026,FMS,Financial Market Structure,Gideon Saar,gideon saar,1,6,https://conference.nber.org/agenda/simple_printable?conf_id=SI26HPC
2026,FMS,Financial Market Structure,Mao Ye,mao ye,1,6,https://conference.nber.org/agenda/simple_printable?conf_id=SI26HPC
2026,EFFE,Forecasting and Empirical Methods,Allan Timmermann,allan timmermann,1,16,https://conference.nber.org/agenda/simple_printable?conf_id=SI26EFFE
2026,EFFE,Forecasting and Empirical Methods,Jonathan H. Wright,jonathan h wright,1,16,https://conference.nber.org/agenda/simple_printable?conf_id=SI26EFFE
2026,EM,Frontier Econometric Methods,Isaiah Andrews,isaiah andrews,1,6,https://conference.nber.org/agenda/simple_printable?conf_id=SI26EM
2026,EM,Frontier Econometric Methods,Susan Athey,susan athey,1,6,https://conference.nber.org/agenda/simple_printable?conf_id=SI26EM
2026,EM,Frontier Econometric Methods,Christopher R. Walters,christopher r walters,1,6,https://conference.nber.org/agenda/simple_printable?conf_id=SI26EM
2026,GE,Gender in the Economy,Taryn Dinkelman,taryn dinkelman,1,20,https://conference.nber.org/agenda/simple_printable?conf_id=SI26GE
2026,GE,Gender in the Economy,Jessica Goldberg,jessica goldberg,1,20,https://conference.nber.org/agenda/simple_printable?conf_id=SI26GE
2026,GE,Gender in the Economy,Claudia Goldin,claudia goldin,1,20,https://conference.nber.org/agenda/simple_printable?conf_id=SI26GE
2026,GE,Gender in the Economy,Claudia Olivetti,claudia olivetti,1,20,https://conference.nber.org/agenda/simple_printable?conf_id=SI26GE
2026,GE,Gender in the Economy,Melanie Wasserman,melanie wasserman,1,20,https://conference.nber.org/agenda/simple_printable?conf_id=SI26GE
2026,HF,Household Finance,Raymond Kluender,raymond kluender,1,15,https://conference.nber.org/agenda/simple_printable?conf_id=SI26HF
2026,HF,Household Finance,Adair Morse,adair morse,1,15,https://conference.nber.org/agenda/simple_printable?conf_id=SI26HF
2026,HF,Household Finance,Stephen P. Zeldes,stephen p zeldes,1,15,https://conference.nber.org/agenda/simple_printable?conf_id=SI26HF
2026,IFMDS,IFM Data Session,Jesse Schreger,jesse schreger,1,4,https://conference.nber.org/agenda/simple_printable?conf_id=SI26IFMDS
2026,IFMDS,IFM Data Session,Chenzi Xu,chenzi xu,1,4,https://conference.nber.org/agenda/simple_printable?conf_id=SI26IFMDS
2026,IPM,Impulse and Propagation Mechanisms,Lawrence Christiano,lawrence christiano,1,20,https://conference.nber.org/agenda/simple_printable?conf_id=SI26EFCE
2026,IPM,Impulse and Propagation Mechanisms,Martin S. Eichenbaum,martin s eichenbaum,1,20,https://conference.nber.org/agenda/simple_printable?conf_id=SI26EFCE
2026,IO,Industrial Organization,Meghan R. Busse,meghan r busse,1,11,https://conference.nber.org/agenda/simple_printable?conf_id=SI26IO
2026,IO,Industrial Organization,Juan Camilo Castillo,juan camilo castillo,1,11,https://conference.nber.org/agenda/simple_printable?conf_id=SI26IO
2026,IO,Industrial Organization,Allan Collard-Wexler,allan collard-wexler,1,11,https://conference.nber.org/agenda/simple_printable?conf_id=SI26IO
2026,IO,Industrial Organization,Liran Einav,liran einav,1,11,https://conference.nber.org/agenda/simple_printable?conf_id=SI26IO
2026,IO,Industrial Organization,Benjamin Rosa,benjamin rosa,1,11,https://conference.nber.org/agenda/simple_printable?conf_id=SI26IO
2026,EFDIS,Inequality and the Macroeconomy,Roland Bénabou,roland benabou,1,13,https://conference.nber.org/agenda/simple_printable?conf_id=SI26EFDIS
2026,EFDIS,Inequality and the Macroeconomy,Raquel Fernández,raquel fernandez,1,13,https://conference.nber.org/agenda/simple_printable?conf_id=SI26EFDIS
2026,EFDIS,Inequality and the Macroeconomy,Jonathan Heathcote,jonathan heathcote,1,13,https://conference.nber.org/agenda/simple_printable?conf_id=SI26EFDIS
2026,PRINN,Innovation,Benjamin Jones,benjamin jones,1,11,https://conference.nber.org/agenda/simple_printable?conf_id=SI26PRINN
2026,PRINN,Innovation,Heidi L. Williams,heidi l williams,1,11,https://conference.nber.org/agenda/simple_printable?conf_id=SI26PRINN
2026,IEG,International Economics and Geopolitics,Matteo Maggiori,matteo maggiori,1,6,https://conference.nber.org/agenda/simple_printable?conf_id=SI26IEG
2026,IEG,International Economics and Geopolitics,Jesse Schreger,jesse schreger,1,6,https://conference.nber.org/agenda/simple_printable?conf_id=SI26IEG
2026,IFM,International Finance & Macroeconomics,Pablo Ottonello,pablo ottonello,1,9,https://conference.nber.org/agenda/simple_printable?conf_id=SI26IFM
2026,IFM,International Finance & Macroeconomics,Vincenzo Quadrini,vincenzo quadrini,1,9,https://conference.nber.org/agenda/simple_printable?conf_id=SI26IFM
2026,ITI,International Trade & Investment,Treb Allen,treb allen,1,12,https://conference.nber.org/agenda/simple_printable?conf_id=SI26ITI
2026,ITI,International Trade & Investment,Natalia Ramondo,natalia ramondo,1,12,https://conference.nber.org/agenda/simple_printable?conf_id=SI26ITI
2026,ITM,International Trade & Macroeconomics,Yan Bai,yan bai,1,4,https://conference.nber.org/agenda/simple_printable?conf_id=SI26ITM
2026,ITM,International Trade & Macroeconomics,Michael E. Waugh,michael e waugh,1,4,https://conference.nber.org/agenda/simple_printable?conf_id=SI26ITM
2026,LS,Labor Studies,Abi Adams,abi adams,1,29,https://conference.nber.org/agenda/simple_printable?conf_id=SI26LS
2026,LS,Labor Studies,David Autor,david autor,1,29,https://conference.nber.org/agenda/simple_printable?conf_id=SI26LS
2026,LS,Labor Studies,Anders Humlum,anders humlum,1,29,https://conference.nber.org/agenda/simple_printable?conf_id=SI26LS
2026,LS,Labor Studies,Lisa B. Kahn,lisa b kahn,1,29,https://conference.nber.org/agenda/simple_printable?conf_id=SI26LS
2026,LS,Labor Studies,Lorenzo Lagos,lorenzo lagos,1,29,https://conference.nber.org/agenda/simple_printable?conf_id=SI26LS
2026,LS,Labor Studies,Alexandre Mas,alexandre mas,1,29,https://conference.nber.org/agenda/simple_printable?conf_id=SI26LS
2026,LS,Labor Studies,Joseph Price,joseph price,1,29,https://conference.nber.org/agenda/simple_printable?conf_id=SI26LS
2026,LS,Labor Studies,Simon Quach,simon quach,1,29,https://conference.nber.org/agenda/simple_printable?conf_id=SI26LS
2026,LS,Labor Studies,Raffaele Saggio,raffaele saggio,1,29,https://conference.nber.org/agenda/simple_printable?conf_id=SI26LS
2026,LE,Law and Economics,Christine Jolls,christine jolls,1,9,https://conference.nber.org/agenda/simple_printable?conf_id=SI26LE
2026,MPF,Macro Public Finance,Dirk Krueger,dirk krueger,1,8,https://conference.nber.org/agenda/simple_printable?conf_id=SI26MPF
2026,MPF,Macro Public Finance,Florian Scheuer,florian scheuer,1,8,https://conference.nber.org/agenda/simple_printable?conf_id=SI26MPF
2026,MPF,Macro Public Finance,Stefanie Stantcheva,stefanie stantcheva,1,8,https://conference.nber.org/agenda/simple_printable?conf_id=SI26MPF
2026,MPF,Macro Public Finance,Aleh Tsyvinski,aleh tsyvinski,1,8,https://conference.nber.org/agenda/simple_printable?conf_id=SI26MPF
2026,EFMB,Macro Within and Across Borders,Mark A. Aguiar,mark a aguiar,1,6,https://conference.nber.org/agenda/simple_printable?conf_id=SI26EFMB
2026,EFMB,Macro Within and Across Borders,Cristina Arellano,cristina arellano,1,6,https://conference.nber.org/agenda/simple_printable?conf_id=SI26EFMB
2026,EFMB,Macro Within and Across Borders,Patrick J. Kehoe,patrick j kehoe,1,6,https://conference.nber.org/agenda/simple_printable?conf_id=SI26EFMB
2026,EFMB,Macro Within and Across Borders,Mark L.J. Wright,mark l j wright,1,6,https://conference.nber.org/agenda/simple_printable?conf_id=SI26EFMB
2026,MEFM,"Macro, Money and Financial Frictions",Markus K. Brunnermeier,markus k brunnermeier,1,9,https://conference.nber.org/agenda/simple_printable?conf_id=SI26MEFM
2026,MEFM,"Macro, Money and Financial Frictions",Arvind Krishnamurthy,arvind krishnamurthy,1,9,https://conference.nber.org/agenda/simple_printable?conf_id=SI26MEFM
2026,MEFM,"Macro, Money and Financial Frictions",Guillermo Ordoñez,guillermo ordonez,1,9,https://conference.nber.org/agenda/simple_printable?conf_id=SI26MEFM
2026,PRMP,Macroeconomics and Productivity,Susanto Basu,susanto basu,1,8,https://conference.nber.org/agenda/simple_printable?conf_id=SI26PRMP
2026,PRMP,Macroeconomics and Productivity,Nicholas Bloom,nicholas bloom,1,8,https://conference.nber.org/agenda/simple_printable?conf_id=SI26PRMP
2026,PRMP,Macroeconomics and Productivity,Raffaella Sadun,raffaella sadun,1,8,https://conference.nber.org/agenda/simple_printable?conf_id=SI26PRMP
2026,PRMP,Macroeconomics and Productivity,Chad Syverson,chad syverson,1,8,https://conference.nber.org/agenda/simple_printable?conf_id=SI26PRMP
2026,EFMM,Micro Data and Macro Models,Erik Hurst,erik hurst,1,16,https://conference.nber.org/agenda/simple_printable?conf_id=SI26EFMM
2026,EFMM,Micro Data and Macro Models,Greg Kaplan,greg kaplan,1,16,https://conference.nber.org/agenda/simple_printable?conf_id=SI26EFMM
2026,EFMM,Micro Data and Macro Models,Giovanni L. Violante,giovanni l violante,1,16,https://conference.nber.org/agenda/simple_printable?conf_id=SI26EFMM
2026,ME,Monetary Economics,Emi Nakamura,emi nakamura,1,19,https://conference.nber.org/agenda/simple_printable?conf_id=SI26ME
2026,ME,Monetary Economics,Jón Steinsson,jon steinsson,1,19,https://conference.nber.org/agenda/simple_printable?conf_id=SI26ME
2026,PPL,Personnel Economics,Alan M. Benson,alan m benson,1,14,https://conference.nber.org/agenda/simple_printable?conf_id=SI26PPL
2026,PPL,Personnel Economics,Mitchell Hoffman,mitchell hoffman,1,14,https://conference.nber.org/agenda/simple_printable?conf_id=SI26PPL
2026,POL,Political Economy,Stelios Michalopoulos,stelios michalopoulos,1,11,https://conference.nber.org/agenda/simple_printable?conf_id=SI26POL
2026,POL,Political Economy,Vincent Pons,vincent pons,1,11,https://conference.nber.org/agenda/simple_printable?conf_id=SI26POL
2026,POL,Political Economy,Enrico Spolaore,enrico spolaore,1,11,https://conference.nber.org/agenda/simple_printable?conf_id=SI26POL
2026,POL,Political Economy,Stefanie Stantcheva,stefanie stantcheva,1,11,https://conference.nber.org/agenda/simple_printable?conf_id=SI26POL
2026,PE,Public Economics,Naoki Aizawa,naoki aizawa,1,11,https://conference.nber.org/agenda/simple_printable?conf_id=SI26PE
2026,PE,Public Economics,Raj Chetty,raj chetty,1,11,https://conference.nber.org/agenda/simple_printable?conf_id=SI26PE
2026,PE,Public Economics,Itzik Fadlon,itzik fadlon,1,11,https://conference.nber.org/agenda/simple_printable?conf_id=SI26PE
2026,PE,Public Economics,Tatiana Homonoff,tatiana homonoff,1,11,https://conference.nber.org/agenda/simple_printable?conf_id=SI26PE
2026,PE,Public Economics,Lee Lockwood,lee lockwood,1,11,https://conference.nber.org/agenda/simple_printable?conf_id=SI26PE
2026,PE,Public Economics,Mathilde Muñoz,mathilde munoz,1,11,https://conference.nber.org/agenda/simple_printable?conf_id=SI26PE
2026,PE,Public Economics,Maria Polyakova,maria polyakova,1,11,https://conference.nber.org/agenda/simple_printable?conf_id=SI26PE
2026,REAL,Real Estate,Milena Almagro,milena almagro,1,16,https://conference.nber.org/agenda/simple_printable?conf_id=SI26REAL
2026,REAL,Real Estate,Adam Guren,adam guren,1,16,https://conference.nber.org/agenda/simple_printable?conf_id=SI26REAL
2026,REAL,Real Estate,Benjamin J. Keys,benjamin j keys,1,16,https://conference.nber.org/agenda/simple_printable?conf_id=SI26REAL
2026,REAL,Real Estate,Tomasz Piskorski,tomasz piskorski,1,16,https://conference.nber.org/agenda/simple_printable?conf_id=SI26REAL
2026,SIP,Science of Science Funding,Megan MacGarvie,megan macgarvie,1,14,https://conference.nber.org/agenda/simple_printable?conf_id=SI26SF
2026,SIP,Science of Science Funding,Paula Stephan,paula stephan,1,14,https://conference.nber.org/agenda/simple_printable?conf_id=SI26SF
2026,SIP,Science of Science Funding,Reinhilde Veugelers,reinhilde veugelers,1,14,https://conference.nber.org/agenda/simple_printable?conf_id=SI26SF
2026,URB,Urban Economics,Rebecca Diamond,rebecca diamond,1,22,https://conference.nber.org/agenda/simple_printable?conf_id=SI26URB
2026,URB,Urban Economics,Jonathan I. Dingel,jonathan i dingel,1,22,https://conference.nber.org/agenda/simple_printable?conf_id=SI26URB
2026,URB,Urban Economics,Edward L. Glaeser,edward l glaeser,1,22,https://conference.nber.org/agenda/simple_printable?conf_id=SI26URB
